1stFlrSF,BsmtExposure,BsmtFinSF1,BsmtFinType1,BsmtUnfSF,GarageArea,GarageFinish,GarageYrBlt,GrLivArea,KitchenQual,LotArea,OpenPorchSF,OverallCond,OverallQual,TotalBsmtSF,YearBuilt,YearRemodAdd,SalePrice
1828,Av,48,Unf,1774,774,Unf,2007.0,1828,Gd,11694,108,5,9,1822,2007,2007,314813
894,No,0,Unf,894,308,Unf,1962.0,894,TA,6600,0,5,5,894,1962,1962,109500
964,No,713,ALQ,163,432,Unf,1921.0,964,TA,13360,0,7,5,876,1921,2006,163500
1689,No,1218,GLQ,350,857,RFn,2002.0,1689,Gd,13265,59,5,8,1568,2002,2002,271000
1541,No,0,Unf,1541,843,RFn,2001.0,1541,Gd,13704,81,5,7,1541,2001,2002,205000
1221,No,410,GLQ,811,400,RFn,2004.0,1221,Gd,7500,113,5,7,1221,2004,2005,185000
1324,No,643,Rec,445,440,Unf,1965.0,1324,TA,8658,138,5,6,1088,1965,1965,160000
696,No,604,ALQ,92,484,Unf,1999.0,1416,Gd,2572,44,5,7,696,1999,1999,155000
526,Gd,462,GLQ,0,297,Unf,1973.0,988,TA,1596,101,5,4,462,1973,1973,91000
869,No,375,ALQ,360,440,Unf,2003.0,1218,TA,6000,0,6,6,735,1941,1950,131000
760,No,0,Unf,746,397,Fin,2003.0,1656,Gd,6931,128,5,7,746,2003,2004,165400
1362,Av,20,ALQ,1342,460,Unf,2005.0,1362,Gd,7577,28,5,6,1362,2005,2006,194700
1051,No,0,Unf,756,442,Unf,1966.0,1839,TA,7700,124,5,6,756,1966,1966,155000
1375,No,0,Unf,1367,451,Unf,1954.0,1375,TA,11310,30,5,6,1367,1954,1954,140000
1122,No,144,GLQ,172,528,Unf,1948.0,1122,Gd,12000,36,7,5,924,1948,2005,147000
1432,Gd,680,ALQ,289,588,Unf,1978.0,1432,Gd,16157,180,7,5,1360,1978,1978,194000
728,Av,0,Unf,728,400,Fin,2007.0,1456,Gd,9018,24,5,7,728,2007,2007,179540
1217,Av,611,GLQ,577,497,Unf,1990.0,1217,Gd,9947,27,5,7,1188,1990,1991,173000
1040,None,0,None,0,625,Unf,1950.0,1040,TA,7200,0,7,5,0,1950,1950,109500
612,Av,294,GLQ,318,528,RFn,2009.0,1224,Gd,3000,234,5,6,612,2009,2009,173733
1022,No,0,Unf,952,468,Unf,1931.0,1774,TA,6120,0,5,7,952,1931,1950,129900
961,No,241,Rec,229,384,Unf,1978.0,1367,TA,8405,130,8,5,861,1900,1950,119000
803,No,0,Unf,803,297,Unf,1951.0,1360,Gd,7200,65,6,5,803,1938,1995,125500
848,Av,697,GLQ,151,420,RFn,2004.0,848,Gd,4426,0,5,6,848,2004,2004,149300
1482,Gd,871,GLQ,611,749,Fin,2003.0,2262,Gd,12244,0,5,8,1482,2003,2003,305000
1220,No,836,LwQ,0,396,Unf,1951.0,1220,TA,8877,0,5,4,836,1951,1951,102000
1414,No,0,Unf,1375,398,Fin,2004.0,1414,Gd,3072,20,5,7,1375,2004,2004,178740
1134,No,319,Rec,416,396,Unf,1950.0,2058,TA,9600,0,5,6,735,1917,1950,129500
1088,No,0,Unf,901,0,Unf,1979.0,1198,TA,5586,98,7,6,901,1920,1998,79900
1659,No,1158,GLQ,343,499,Fin,2000.0,1659,Ex,5664,59,5,8,1501,2000,2000,278000
1012,No,0,Unf,1012,308,Unf,1920.0,1012,TA,8263,22,5,6,1012,1920,1950,118400
1687,No,523,GLQ,301,672,Fin,1970.0,3082,TA,15863,63,3,7,824,1920,1970,197000
1032,No,0,Unf,360,672,Unf,1999.0,1812,Gd,7630,0,9,5,360,1900,1996,140000
1057,No,738,Unf,319,650,Fin,2001.0,1929,Gd,7050,235,5,7,1057,2001,2001,226000
954,Av,483,ALQ,428,576,Unf,1976.0,954,TA,10780,0,5,5,911,1976,1976,132500
1838,Av,1260,GLQ,578,765,Unf,2006.0,1838,Ex,14601,68,5,9,1838,2006,2006,315000
1640,No,728,BLQ,568,924,Unf,1993.0,1640,Gd,14778,0,7,6,1296,1954,2006,224000
1148,No,1148,BLQ,0,672,Unf,1959.0,1148,TA,7931,0,5,5,1148,1959,1959,132500
950,No,412,BLQ,251,280,Unf,1981.0,950,TA,9758,0,5,5,950,1971,1971,119500
1065,No,380,Unf,397,471,RFn,1993.0,1911,Gd,9554,81,5,8,777,1993,1994,215000
915,No,300,Rec,765,440,Unf,1950.0,1635,TA,8737,38,7,6,1065,1923,1950,210000
1316,Av,0,Unf,1316,440,Fin,2007.0,1316,Gd,11175,20,5,7,1316,2007,2007,200141
1442,No,0,Unf,1442,615,RFn,1970.0,1442,TA,11717,0,6,6,1442,1970,1970,185000
1078,No,734,GLQ,344,500,Fin,1971.0,1078,TA,12537,0,6,5,1078,1971,2008,149900
1120,No,932,ALQ,108,544,RFn,1961.0,1120,Fa,6970,0,5,4,1040,1961,1961,129000
779,No,353,GLQ,55,527,Fin,2002.0,1419,Gd,7750,0,5,8,408,2002,2002,184100
707,No,0,Unf,651,240,Unf,1947.0,1389,TA,3378,0,8,7,651,1946,1992,135000
1063,No,354,Rec,412,280,RFn,1954.0,1063,TA,9920,0,5,5,1056,1954,1954,128000
1792,Gd,1567,GLQ,225,874,Fin,2003.0,1792,Ex,11846,49,5,9,1792,2003,2004,374000
1216,No,897,GLQ,319,402,Unf,1998.0,1216,TA,4500,125,5,6,1216,1998,1998,164000
998,No,0,Unf,596,576,Unf,1989.0,1762,Gd,7200,0,7,7,596,1920,1950,157000
847,Av,0,Unf,847,434,Fin,2004.0,1959,Gd,11796,48,5,7,847,2004,2005,215000
1208,No,767,ALQ,441,546,RFn,1977.0,1208,TA,11250,42,6,6,1208,1977,1977,165000
874,No,460,BLQ,414,315,Unf,1958.0,1524,TA,11344,0,5,5,874,1958,1958,144000
796,No,735,BLQ,61,240,Unf,1922.0,1154,Gd,5436,96,8,4,796,1922,2007,125500
1048,None,0,None,0,420,Unf,1950.0,1048,TA,7200,27,5,5,0,1950,1950,98300
886,No,0,Unf,190,273,Unf,1938.0,886,TA,5784,20,8,5,190,1938,1996,91300
943,Gd,943,GLQ,0,600,Unf,1979.0,943,TA,7032,0,5,5,943,1979,1979,135960
866,No,400,GLQ,466,603,RFn,2005.0,1768,Gd,9803,108,5,7,866,2005,2005,226700
1422,No,0,Unf,1393,779,Fin,1999.0,2599,Gd,14774,30,5,9,1393,1999,1999,333168
912,No,456,Rec,456,275,RFn,1958.0,912,TA,10150,0,5,5,912,1958,1958,114500
882,None,0,None,0,308,Unf,1956.0,882,TA,12702,45,5,5,0,1956,1956,97000
1337,No,266,GLQ,1139,511,Fin,1998.0,1337,Gd,4060,68,5,6,1405,1998,1999,181000
2076,Gd,1386,GLQ,690,850,Unf,2006.0,2076,Ex,13891,229,5,10,2076,2006,2006,465000
1328,Av,56,LwQ,1198,752,RFn,1995.0,2531,Gd,12257,98,5,8,1318,1995,1995,290000
981,No,569,ALQ,162,240,Unf,1939.0,1768,Gd,7200,0,7,5,731,1937,1950,175000
1625,Gd,1573,Unf,0,538,Unf,2006.0,1625,Gd,4750,0,5,8,1573,2006,2007,235000
1444,Gd,697,Rec,747,389,Fin,1958.0,2144,Gd,159000,98,7,6,1444,1958,2006,277000
1521,No,0,Unf,1237,880,Unf,1988.0,2775,Gd,13500,502,9,10,1237,1893,2000,325000
1140,No,0,Unf,585,477,Fin,1984.0,1868,TA,12090,112,7,6,585,1984,2003,178000
1525,Av,1400,GLQ,125,541,RFn,2000.0,1525,Gd,9100,36,5,7,1525,2000,2000,235000
1571,Gd,0,Unf,1571,722,Fin,2007.0,1571,Gd,10991,36,5,8,1571,2007,2007,239000
796,No,0,Unf,796,0,None,1979.0,796,TA,8777,0,7,5,796,1910,1950,85000
1378,No,0,Unf,994,432,RFn,1985.0,2372,TA,6600,287,4,5,994,1892,1965,107500
802,No,0,Unf,384,402,RFn,1991.0,1472,Gd,10784,0,5,7,384,1991,1992,160000
960,Av,648,GLQ,0,364,Unf,1965.0,960,TA,10246,0,9,4,648,1965,2001,145000
734,Av,0,Unf,732,372,Fin,2005.0,1838,TA,21930,40,5,5,732,2005,2005,192140
1309,No,663,ALQ,0,484,RFn,1974.0,1309,Gd,10140,0,6,6,1040,1974,1999,181000
2069,Av,0,Unf,2153,694,Fin,2006.0,2643,Ex,13693,84,5,9,2153,2006,2006,380000
676,No,0,Unf,676,200,Unf,1941.0,1131,TA,5720,0,6,5,676,1941,1950,66500
960,No,0,Unf,960,400,Unf,1952.0,1960,TA,7596,0,5,5,960,1952,1952,124500
1144,No,25,BLQ,247,336,Unf,1962.0,1144,TA,9204,88,5,5,1144,1963,1963,124000
1056,No,1056,GLQ,0,576,Unf,1980.0,1056,TA,6979,56,5,6,1056,1980,1980,144000
693,No,0,Unf,693,0,None,1979.0,693,Fa,4118,20,4,4,693,1941,1950,52500
1494,Gd,1200,GLQ,279,576,RFn,1997.0,1494,Gd,9236,27,5,6,1479,1997,1997,217000
1646,Gd,1373,GLQ,221,482,Fin,2004.0,1646,Gd,3842,53,5,8,1594,2004,2005,275000
864,Av,390,ALQ,474,352,Unf,1989.0,864,TA,7180,0,7,5,864,1972,1972,127000
1566,Av,1078,GLQ,488,750,RFn,2008.0,1566,Gd,9000,168,5,8,1566,2008,2008,262500
735,No,593,BLQ,130,497,Unf,1972.0,1395,TA,12936,116,6,6,723,1972,1972,162000
848,No,152,BLQ,628,539,Unf,1962.0,1208,TA,6240,23,5,4,780,1925,1950,103000
939,Mn,0,Unf,939,180,Unf,1933.0,1513,TA,6120,0,8,5,939,1920,2004,137500
959,No,425,LwQ,459,560,Unf,1978.0,1367,TA,6240,0,6,6,884,1931,1950,127500
955,No,763,BLQ,192,386,Unf,1966.0,955,TA,7742,0,7,5,955,1966,1966,127000
1077,No,0,Unf,1007,210,Unf,1922.0,1077,TA,9786,100,4,3,1007,1922,1950,91000
1056,Mn,1056,Rec,0,572,Fin,1955.0,1056,TA,34650,0,5,5,1056,1955,1955,145000
756,No,0,Unf,756,615,RFn,2005.0,1553,Gd,8125,45,5,7,756,2005,2006,186500
1614,Av,20,GLQ,1594,865,RFn,2005.0,1614,Gd,11210,59,5,7,1614,2005,2006,221500
2042,No,0,Unf,2042,1390,RFn,2009.0,2042,Ex,12704,90,5,8,2042,2008,2009,253293
1073,No,0,Unf,1073,326,Unf,1968.0,1073,TA,5400,0,6,5,1073,1921,1968,108480
1072,No,336,BLQ,295,240,Unf,1948.0,1285,TA,8635,0,5,5,672,1948,2001,127000
2117,Mn,865,BLQ,340,550,Fin,1970.0,2117,TA,12925,42,7,6,1205,1970,1970,237500
605,Mn,348,Unf,180,0,Unf,1979.0,605,TA,9098,0,7,4,528,1920,2002,86000
1150,No,179,ALQ,465,300,RFn,1959.0,1150,TA,7945,0,6,5,1150,1959,1959,141000
728,No,0,Unf,728,400,Unf,2005.0,1456,Gd,8029,24,5,6,728,2005,2005,176000
999,Av,867,ALQ,77,588,RFn,1961.0,999,Ex,12122,76,9,7,944,1961,2007,178400
750,No,0,Unf,750,564,RFn,2005.0,1500,Gd,8846,35,5,6,750,2005,2006,173900
1336,Mn,841,BLQ,324,375,Unf,1953.0,1336,TA,15750,0,5,5,1165,1953,1953,157000
864,No,759,GLQ,80,398,Unf,2004.0,1593,TA,7415,75,5,6,839,2004,2004,193000
1130,Av,936,GLQ,168,836,Fin,2008.0,2184,Ex,11308,102,5,9,1104,2008,2008,335000
1560,No,0,Unf,1560,573,Fin,2003.0,1560,Gd,9196,150,5,7,1560,2003,2003,201000
888,No,386,LwQ,342,312,Unf,1942.0,1644,Gd,9480,0,7,5,728,1942,1995,146500
630,Av,515,GLQ,115,286,Unf,1970.0,630,Gd,1526,0,8,4,630,1970,2002,86000
1113,No,751,BLQ,392,504,RFn,1987.0,1113,TA,7917,30,7,6,1143,1976,1976,148000
1071,No,0,Unf,1063,947,RFn,2006.0,2172,Gd,14154,62,5,7,1063,2006,2006,280000
796,No,0,Unf,560,384,Unf,1950.0,1346,TA,11767,24,7,4,560,1910,2000,112000
1184,Av,64,GLQ,1120,550,Fin,2007.0,2610,Ex,9000,364,5,8,1184,2007,2007,303477
1026,No,0,Unf,1026,936,Fin,2005.0,1958,Gd,10625,210,5,7,1026,2005,2005,250000
1468,No,0,Unf,1468,898,Fin,2008.0,1468,Gd,9612,150,5,8,1468,2008,2009,244600
1302,None,0,None,0,539,Unf,1977.0,1734,Gd,10125,0,5,5,0,1977,1977,126000
768,No,352,BLQ,416,240,Unf,1946.0,1200,TA,11767,0,6,5,768,1946,1995,130500
1112,No,812,GLQ,280,438,Fin,2007.0,1550,Gd,8125,168,5,7,1092,2006,2007,241000
954,No,0,Unf,795,440,Unf,1997.0,2230,TA,6204,188,5,4,795,1912,1950,118500
1166,No,0,Unf,1064,240,Unf,1936.0,1639,TA,10480,0,5,6,1064,1936,1950,115000
864,No,521,BLQ,169,624,Unf,1964.0,864,TA,9100,0,5,5,864,1958,1958,129900
1621,Mn,213,ALQ,995,440,Unf,1984.0,1621,Gd,14145,45,7,7,1208,1984,1998,202500
483,No,162,ALQ,321,264,Unf,1972.0,987,Gd,1680,0,8,6,483,1972,2007,118000
1238,Gd,965,GLQ,245,628,RFn,1989.0,2519,Gd,26178,27,5,7,1210,1989,1990,335000
765,No,765,LwQ,0,440,Unf,1970.0,1365,TA,2368,36,6,5,765,1970,1970,125000
1149,Mn,0,Unf,1128,779,Unf,2002.0,2290,Gd,11250,0,5,8,1128,2002,2002,255900
1249,Av,0,Unf,1249,840,RFn,2006.0,2596,Gd,16259,154,5,9,1249,2006,2006,342643
907,No,288,Rec,619,352,Unf,1964.0,907,TA,8593,0,6,4,907,1957,1957,109008
855,No,566,ALQ,289,440,Unf,1976.0,1456,TA,2280,0,6,6,855,1976,1976,148500
1190,Av,803,ALQ,303,540,Unf,1962.0,1190,TA,7728,18,6,5,1106,1962,1962,132500
858,No,322,ALQ,536,684,Unf,1979.0,858,TA,7340,0,6,4,858,1971,1971,110000
2223,Gd,1880,ALQ,343,516,Fin,1973.0,2223,TA,13651,0,6,7,2223,1973,1973,244000
1005,No,0,Unf,1005,672,Unf,1977.0,1005,Fa,10434,0,5,4,1005,1955,1955,115000
1086,No,0,Unf,712,409,Fin,1994.0,1895,Gd,10832,46,5,7,712,1994,1996,194500
1040,No,906,Rec,134,384,Unf,1965.0,1040,TA,11200,0,5,5,1040,1965,1965,129500
1264,No,697,Rec,571,461,Unf,1960.0,1264,TA,9300,0,5,5,1268,1960,1960,167500
874,No,0,Unf,874,578,Fin,2007.0,1761,Gd,10207,105,6,7,874,2007,2007,227875
1034,Av,539,GLQ,473,888,Unf,1976.0,1034,TA,12328,0,5,6,1012,1976,1976,169900
1363,Gd,226,LwQ,96,439,Unf,1954.0,1363,TA,39104,0,7,7,1385,1954,2005,241500
1689,No,0,Unf,1436,480,Unf,1956.0,1689,TA,9855,0,5,6,1436,1956,1956,127500
2113,Gd,1696,GLQ,413,839,Fin,1995.0,2113,Gd,10437,46,6,8,2109,1995,1995,350000
1573,No,788,GLQ,785,544,RFn,2002.0,1573,Gd,9808,72,5,7,1573,2002,2002,227000
2364,Gd,2188,GLQ,142,820,Fin,2009.0,2364,Ex,12919,67,5,9,2330,2009,2010,611657
1057,No,739,GLQ,318,645,RFn,1998.0,2034,Gd,9375,36,5,7,1057,1997,1998,219500
1291,Mn,1003,GLQ,288,431,Unf,1996.0,1291,Gd,2887,0,5,6,1291,1996,1997,173000
858,Gd,696,BLQ,162,0,None,1979.0,858,TA,7207,0,7,5,858,1958,2008,116500
698,Mn,204,Rec,356,280,Unf,1939.0,1258,TA,9060,0,5,6,560,1939,1950,105000
438,No,290,Rec,0,246,Unf,1930.0,438,Fa,8400,0,5,2,290,1920,1950,60000
672,No,209,ALQ,463,440,Fin,1978.0,1400,TA,7844,0,7,6,672,1978,1978,149500
954,No,0,Unf,920,240,Unf,1938.0,954,Fa,6305,0,7,5,920,1938,1950,119750
1445,Gd,564,Unf,563,645,RFn,1964.0,1445,TA,12095,0,6,6,1127,1964,1964,158000
1072,Gd,459,Unf,88,525,Unf,2005.0,1072,TA,3675,28,5,6,547,2005,2005,148000
1664,None,0,None,0,0,None,1979.0,1664,TA,9825,0,5,5,0,1965,1965,100000
1445,No,0,Unf,844,441,Unf,1930.0,2134,Gd,11888,60,6,6,844,1916,1994,214500
1940,Mn,428,BLQ,537,380,Unf,1934.0,3194,TA,12168,0,6,8,965,1934,1998,359100
912,Av,0,Unf,912,0,None,1979.0,1824,TA,9400,0,5,6,912,1971,1971,139000
888,No,742,ALQ,130,422,Fin,1996.0,1756,TA,9303,122,5,6,872,1996,1997,204000
912,No,595,ALQ,317,576,Unf,1992.0,912,Gd,8872,240,8,5,912,1965,2008,147000
1509,Av,783,GLQ,678,600,RFn,1988.0,1509,Gd,10200,0,5,6,1461,1988,1989,175000
1160,No,264,BLQ,712,216,Unf,1925.0,1608,Gd,6171,16,6,6,976,1925,1990,137450
1316,No,28,GLQ,1288,397,Fin,2005.0,1316,Gd,10237,0,5,6,1316,2005,2006,169990
1015,No,489,Rec,279,450,Unf,1925.0,1015,TA,6120,0,7,5,768,1925,1950,88000
756,No,312,ALQ,444,240,Unf,1940.0,1134,TA,8160,0,6,5,756,1940,1950,126000
1636,No,63,GLQ,1560,865,RFn,2006.0,1636,Gd,13501,60,5,8,1623,2006,2006,255000
660,No,0,Unf,660,400,Fin,2003.0,1320,Gd,7750,48,5,7,660,2003,2003,162000
1160,Gd,249,LwQ,0,538,Fin,1967.0,2126,TA,28698,0,5,5,1013,1967,1967,185000
1128,Mn,776,ALQ,344,525,RFn,1963.0,1128,TA,8700,20,6,5,1120,1963,1963,155000
1306,Mn,860,BLQ,132,756,Unf,1968.0,1306,TA,8712,0,7,5,992,1957,2000,153000
798,No,0,Unf,546,0,None,1979.0,1344,TA,1533,0,6,4,546,1970,2008,97000
1576,No,0,Unf,718,704,Unf,1996.0,2554,TA,10800,48,8,7,718,1890,1998,159500
893,No,220,ALQ,625,576,Unf,1985.0,893,Gd,9600,0,7,5,845,1949,2003,135000
894,Mn,0,Unf,894,668,Fin,2007.0,1933,Gd,14598,18,5,6,894,2007,2007,214000
672,No,356,BLQ,316,264,Unf,1973.0,1218,TA,1890,28,5,6,672,1973,1973,113000
1161,No,0,Unf,808,534,RFn,1977.0,1969,TA,11952,0,6,7,808,1977,1977,190000
1220,No,1079,GLQ,141,556,RFn,1995.0,2090,Gd,10000,65,5,8,1220,1995,1996,240000
1484,Av,998,ALQ,486,487,Unf,1971.0,1484,TA,12243,0,6,5,1484,1971,1971,175000
1656,No,0,Unf,1656,506,Unf,1973.0,1656,TA,9246,211,5,5,1656,1973,1973,135000
818,No,468,Rec,350,210,Unf,1926.0,1224,TA,3950,0,8,6,818,1926,2004,115000
1022,No,695,GLQ,297,390,RFn,2000.0,2054,Gd,12224,48,5,6,992,2000,2000,244000
854,No,0,Unf,832,576,Unf,1991.0,854,TA,6120,112,8,7,832,1929,2001,132000
546,No,334,BLQ,212,286,RFn,1973.0,1092,TA,1974,96,5,4,546,1973,1973,83500
1268,Av,196,ALQ,1072,252,Unf,1978.0,1268,Gd,9286,0,7,5,1268,1977,1989,143500
827,Av,385,GLQ,70,550,RFn,1996.0,1661,Gd,10667,61,6,7,799,1996,1996,212000
1668,Av,370,BLQ,315,502,Fin,2003.0,1668,Gd,10635,262,5,8,1657,2003,2003,232000
1493,Gd,994,GLQ,484,508,Fin,1997.0,1493,Gd,13125,39,5,6,1478,1997,1998,208900
932,No,0,Unf,932,306,Unf,1950.0,932,Gd,8280,0,5,6,932,1950,1950,124000
1277,Gd,778,GLQ,499,526,Unf,1970.0,1277,TA,10628,0,5,7,1277,1970,1970,167000
1530,Av,1300,GLQ,230,630,Fin,2004.0,1530,Gd,14572,36,5,7,1530,2004,2004,259000
1344,No,457,ALQ,193,484,Unf,1970.0,1344,TA,9503,28,5,5,1024,1958,1983,144000
860,Av,672,ALQ,168,528,Unf,1996.0,860,TA,8740,0,6,5,840,1982,1982,137000
1314,No,904,GLQ,410,626,Unf,2008.0,1314,Gd,5001,62,5,7,1314,2007,2008,230000
1391,Mn,464,GLQ,927,868,RFn,2006.0,1962,Gd,8760,90,5,7,1391,2006,2006,239799
788,Av,724,GLQ,64,388,Fin,2004.0,1490,Gd,15384,75,5,7,788,2004,2005,184000
848,Av,662,GLQ,186,420,Unf,2004.0,848,Gd,4426,0,5,6,848,2004,2004,143000
672,No,0,Unf,672,240,Unf,1940.0,672,TA,10200,0,8,5,672,1940,1997,108000
1188,No,275,GLQ,877,252,RFn,1941.0,2340,Gd,9042,60,9,7,1152,1941,2006,266500
808,No,0,Unf,660,180,Unf,1916.0,1656,TA,10410,0,7,5,660,1916,1987,135000
725,No,626,ALQ,99,484,Fin,1972.0,1479,Gd,7472,32,9,7,725,1972,2004,184000
1226,No,0,Unf,1226,740,RFn,2009.0,1226,Gd,10402,36,5,7,1226,2009,2009,198900
976,Gd,568,LwQ,264,444,Fin,1966.0,2087,Gd,12205,168,8,6,832,1966,2007,187500
1158,No,941,ALQ,217,576,Unf,2006.0,1158,Gd,13072,50,5,6,1158,2004,2004,158000
1154,Mn,740,BLQ,184,480,RFn,1966.0,1154,TA,11000,58,6,5,1154,1966,1966,154000
880,Av,0,Unf,880,527,Fin,1998.0,1724,Gd,8924,155,5,7,880,1998,1999,188000
773,No,219,GLQ,554,431,Fin,1995.0,1658,TA,8000,84,5,6,773,1995,1996,188000
1126,None,0,None,0,520,Fin,2002.0,1126,Gd,8777,96,5,4,0,1949,2003,108000
872,No,0,Unf,816,300,Unf,1955.0,1393,TA,16466,0,7,5,816,1955,1955,135500
1968,Mn,192,Rec,536,1014,Unf,1982.0,3447,Gd,14100,12,9,8,728,1935,1997,381000
483,No,309,BLQ,174,264,Unf,1973.0,987,TA,1953,0,5,6,483,1973,1973,83000
808,No,351,ALQ,112,0,None,1979.0,1355,TA,10106,0,7,5,644,1940,1999,127500
2069,Gd,425,GLQ,160,505,RFn,1960.0,2069,Gd,27650,0,7,7,585,1960,2007,242000
757,No,549,ALQ,195,440,Unf,1999.0,1501,TA,2280,0,5,7,744,1999,1999,179400
1976,Gd,1350,Unf,626,908,RFn,2006.0,1976,Gd,14977,63,5,8,1976,2006,2007,440000
1563,No,33,GLQ,1530,758,RFn,2007.0,1563,Gd,10206,99,5,8,1563,2007,2007,245000
572,No,0,Unf,572,288,Unf,1982.0,1111,TA,5700,0,7,7,572,1926,1950,116900
851,No,0,Unf,776,270,RFn,1931.0,1502,TA,7200,0,6,7,776,1931,2000,149000
1733,None,0,None,0,452,Unf,1955.0,1733,TA,13680,0,5,3,0,1955,1955,139600
1848,No,1410,GLQ,438,706,Fin,2006.0,2728,Ex,20431,0,5,9,1848,2005,2006,437154
630,No,231,ALQ,399,264,Unf,1972.0,1302,TA,1680,0,7,5,630,1972,1972,119500
1332,Gd,1258,GLQ,74,586,Fin,1979.0,1524,Gd,23595,0,6,7,1332,1979,1979,260000
1120,None,0,None,0,680,Fin,1991.0,1588,TA,17120,59,4,4,0,1959,1959,134432
1125,No,0,Unf,1125,430,Unf,2007.0,1125,TA,8536,64,5,5,1125,2006,2007,155000
520,No,0,Unf,600,480,RFn,2005.0,1200,Gd,3180,166,5,7,600,2005,2005,151000
798,No,0,Unf,798,520,RFn,2004.0,1640,Gd,8366,45,5,6,798,2004,2004,173000
1223,No,1000,GLQ,223,525,RFn,1994.0,2127,Gd,10944,132,5,7,1223,1994,1994,271000
972,No,680,ALQ,292,240,Unf,1948.0,972,TA,8000,0,6,6,972,1948,2002,132000
1142,No,584,GLQ,544,466,RFn,1995.0,2020,Gd,9828,155,5,8,1128,1995,1995,239500
1144,Av,739,BLQ,405,596,Unf,1956.0,1144,TA,9571,0,6,5,1144,1956,1956,129000
1352,Av,300,BLQ,468,288,Unf,1958.0,1352,Gd,6930,0,4,5,1062,1958,1958,130000
926,No,234,LwQ,0,484,Unf,1974.0,1316,TA,5500,0,7,5,926,1929,2001,130000
1086,Av,956,GLQ,130,592,RFn,1998.0,1924,Gd,12011,75,5,8,1086,1998,1998,280000
1164,No,1040,ALQ,124,240,Unf,1950.0,1164,TA,10880,48,5,5,1164,1950,1950,125000
952,Mn,852,ALQ,100,840,Unf,1988.0,952,TA,7350,0,7,5,952,1951,1951,139000
938,No,259,LwQ,425,0,None,1979.0,2358,TA,5250,54,5,8,684,1872,1987,122000
1680,No,808,GLQ,72,540,Fin,1988.0,1680,Gd,21695,44,9,6,880,1988,2007,222000
1221,No,0,Unf,482,672,Unf,2003.0,1912,TA,10800,25,7,6,482,1905,2000,163000
1004,No,578,ALQ,426,480,Fin,1970.0,1004,TA,11241,0,7,6,1004,1970,1970,149000
774,No,384,ALQ,363,305,Unf,1946.0,1230,TA,4712,57,7,4,747,1946,1950,121600
1167,No,645,BLQ,270,495,Unf,1972.0,1167,TA,8731,0,5,5,915,1920,1950,144000
1301,Mn,405,LwQ,740,440,Unf,1965.0,1301,Fa,6911,0,5,5,1145,1924,1950,100000
1453,Gd,1082,GLQ,371,445,RFn,1986.0,1453,Gd,5271,80,5,7,1453,1986,1986,190000
1601,Av,1358,GLQ,223,670,RFn,2001.0,1601,Gd,11423,0,5,8,1581,2001,2002,272000
1588,Av,0,Unf,1588,825,Unf,2006.0,1588,Gd,10000,45,5,8,1588,2006,2006,227000
1095,Gd,513,ALQ,75,264,Unf,1958.0,1095,TA,10382,0,5,6,588,1958,1958,140000
1050,No,915,Rec,135,368,Unf,1961.0,1050,TA,10659,319,6,5,1050,1961,1961,136500
960,No,520,Rec,440,432,Fin,1965.0,960,TA,10921,0,5,4,960,1965,1965,94750
1002,Mn,0,Unf,810,280,Unf,1954.0,1456,TA,7585,0,3,5,810,1948,1950,91500
1489,No,0,Unf,1489,462,RFn,1968.0,1489,Gd,9156,0,7,6,1489,1968,1968,185750
1726,No,1126,Unf,600,786,Unf,2007.0,1726,Ex,9416,138,5,7,1726,2007,2007,311872
1362,No,0,Unf,1362,484,Unf,2003.0,2082,Gd,11426,238,5,7,1362,2003,2003,200000
1339,No,1053,ALQ,256,484,Fin,1990.0,1339,TA,8049,58,5,7,1309,1990,1990,180000
1310,Mn,781,GLQ,503,1069,Fin,1998.0,2450,Gd,16545,126,5,8,1284,1998,1998,340000
879,Av,0,Unf,879,660,Fin,2006.0,1863,Gd,14054,17,5,7,879,2006,2006,219210
768,Av,656,GLQ,112,396,Unf,1988.0,768,TA,8445,0,7,5,768,1972,2007,133000
334,None,0,None,0,0,None,1979.0,334,Fa,5000,0,3,1,0,1946,1950,39300
1136,No,892,Rec,244,384,Unf,1965.0,1136,TA,9200,0,6,6,1136,1965,1965,140000
1337,No,1201,GLQ,36,405,Fin,1998.0,1337,TA,4500,199,5,6,1237,1998,1998,153500
912,No,312,Rec,0,288,Unf,1964.0,912,TA,7800,0,5,5,912,1964,1964,115000
876,No,540,ALQ,324,264,RFn,1962.0,1812,TA,7590,168,5,5,864,1962,1962,169500
1052,No,378,Unf,342,240,Unf,1939.0,2192,Gd,8400,24,8,5,720,1939,1997,179500
658,No,0,Unf,658,0,None,1979.0,1184,TA,8410,151,3,5,658,1910,1996,81000
964,No,0,Unf,925,308,Unf,1960.0,1889,TA,10120,0,4,7,925,1910,1950,122000
1327,No,405,Rec,658,624,Unf,1974.0,1327,Gd,7388,0,6,5,1063,1959,2002,150750
1422,No,588,Unf,606,576,Fin,1981.0,1422,Gd,12090,0,6,6,1422,1981,1981,175500
1632,Av,0,Unf,1632,576,Unf,1967.0,1632,TA,25000,0,4,5,1632,1967,1967,143000
1630,No,0,Unf,1630,451,Unf,2000.0,1630,Gd,9750,234,5,7,1630,2000,2001,213000
1013,No,0,Unf,1013,0,None,1979.0,1526,Fa,8470,0,2,3,1013,1915,1982,85000
1040,None,0,None,0,420,Unf,1956.0,1040,TA,7200,0,5,4,0,1949,1950,90000
841,No,0,Unf,806,216,Unf,1920.0,1647,Fa,6858,66,4,6,806,1915,1950,128000
1328,No,622,BLQ,500,576,Unf,1981.0,1981,Gd,7804,44,3,4,1122,1928,1950,135000
1644,No,1285,GLQ,131,418,Fin,1953.0,1644,TA,9600,0,5,6,1416,1953,1953,167000
1482,No,0,Unf,1482,868,Fin,2007.0,2574,Ex,9588,148,5,8,1482,2007,2007,276000
1060,No,0,Unf,764,520,Unf,1940.0,1824,TA,13515,0,6,6,764,1919,1950,180500
1350,Gd,624,GLQ,288,520,RFn,1964.0,1350,TA,9020,0,5,6,1248,1964,1964,168500
958,No,958,LwQ,0,440,RFn,1976.0,958,TA,4928,60,6,6,958,1976,1976,143750
1053,No,0,Unf,833,370,Unf,1922.0,1848,Gd,13053,0,7,6,833,1923,2000,207000
1620,No,1116,BLQ,165,490,Unf,1993.0,1620,TA,9991,78,4,4,1281,1976,1993,150000
1167,No,560,GLQ,598,400,RFn,1992.0,1167,Gd,9248,26,6,6,1158,1992,1992,173000
798,No,94,LwQ,641,220,Unf,1949.0,1487,TA,8741,140,4,6,735,1945,1950,113000
892,No,432,BLQ,460,288,RFn,1967.0,892,TA,7150,0,5,5,892,1967,1967,100000
804,No,510,BLQ,278,240,Unf,1940.0,804,Gd,7200,0,7,5,788,1940,1992,119000
1140,No,0,Unf,1140,0,None,1979.0,1140,TA,17217,56,5,5,1140,2006,2006,84500
983,No,400,BLQ,380,483,RFn,1963.0,1796,TA,7056,50,5,6,780,1963,1963,140000
1118,No,156,LwQ,692,551,Fin,1976.0,2030,Gd,12046,224,6,6,848,1976,1976,195000
1026,Av,765,GLQ,252,812,Unf,2008.0,2007,Ex,11003,52,5,10,1017,2008,2008,310000
691,No,0,Unf,691,216,Unf,1920.0,691,Ex,5400,20,6,5,691,1920,1950,86000
786,No,0,Unf,768,676,RFn,2008.0,1590,Gd,9000,30,5,8,768,2008,2008,210000
1216,No,444,Rec,550,325,Unf,1954.0,1855,TA,9525,0,4,6,994,1954,1972,136900
1028,No,0,Unf,994,442,Fin,1999.0,1804,Gd,7500,60,5,7,994,1999,1999,189000
884,No,550,GLQ,334,543,Unf,2003.0,1768,Gd,8158,63,5,7,884,2003,2003,224900
1831,Gd,1387,GLQ,543,807,Fin,1995.0,3627,Gd,35760,76,5,10,1930,1995,1996,625000
1298,No,1258,GLQ,40,403,Unf,1985.0,1298,Gd,11200,26,5,6,1298,1985,1985,180000
1801,No,1247,ALQ,254,484,Fin,1959.0,1801,TA,15602,54,8,7,1501,1959,1997,289000
630,Av,553,GLQ,77,0,None,1979.0,630,Ex,1533,0,7,5,630,1970,1970,92000
1103,No,397,BLQ,706,440,Unf,1976.0,1103,Gd,6000,120,6,6,1103,1925,1980,110500
859,Mn,0,Unf,859,384,RFn,1964.0,1178,TA,8712,0,7,4,859,1900,1950,102776
1196,No,197,LwQ,999,440,Unf,1957.0,1196,TA,4800,0,7,4,1196,1916,1990,109900
1372,No,0,Unf,1372,529,Fin,2008.0,1372,Gd,8640,140,5,7,1372,2007,2008,250580
1431,Gd,371,GLQ,728,296,RFn,1962.0,1431,TA,9150,110,5,6,1099,1962,1962,165000
1422,Av,0,Unf,1422,626,RFn,2004.0,1422,Gd,8500,60,5,7,1422,2004,2004,179600
1079,Av,985,GLQ,595,501,Fin,1992.0,1953,Gd,53107,231,5,6,1580,1992,1992,240000
1121,No,0,Unf,1121,440,RFn,2003.0,1121,TA,8546,64,5,4,1121,2003,2004,140000
1143,Av,0,Unf,1143,852,Unf,2004.0,2473,Gd,9591,151,5,8,1143,2004,2005,317000
1057,No,417,Rec,640,576,Fin,1977.0,1057,TA,7420,0,5,5,1057,1962,1962,132000
1110,Av,1097,GLQ,0,602,Fin,1978.0,1110,Gd,9101,30,6,5,1097,1978,1978,165500
1164,No,524,GLQ,628,671,Fin,1999.0,2270,Gd,11764,57,7,8,1152,1999,2007,290000
2018,Gd,0,Unf,2002,746,Fin,2009.0,2018,Ex,13214,76,5,9,2002,2008,2009,378500
672,Mn,438,Rec,234,440,Fin,1978.0,1386,TA,11616,0,5,6,672,1978,1978,158900
1082,Mn,0,Unf,1082,1043,RFn,2005.0,1953,Gd,10574,50,5,8,1082,2005,2006,252000
1337,No,733,GLQ,604,462,RFn,1993.0,1337,Gd,5395,0,5,8,1337,1993,1993,180000
997,No,0,Unf,969,648,Fin,2000.0,2285,Gd,11000,56,5,8,969,2000,2000,248000
1718,Gd,1288,GLQ,417,826,RFn,2007.0,1718,Gd,10637,44,5,8,1705,2007,2008,297000
1086,Av,516,ALQ,380,484,RFn,1966.0,1086,TA,13400,0,5,5,1024,1966,1966,159950
1555,No,0,Unf,1373,660,Fin,2007.0,1555,Gd,3684,20,5,7,1373,2007,2007,174000
1902,Av,1406,GLQ,496,567,Fin,1959.0,1902,Ex,17500,207,8,7,1902,1959,2002,335000
1298,No,1216,LwQ,0,693,Fin,1990.0,2514,TA,11170,0,5,7,1216,1990,1991,250000
1224,Av,1086,GLQ,0,528,Unf,1979.0,1224,TA,7018,0,5,5,1086,1979,1979,153337
1054,No,602,ALQ,14,460,Unf,1969.0,1054,TA,9750,0,8,6,1054,1969,1969,151000
1276,No,854,GLQ,371,676,Fin,1998.0,2612,Gd,12203,0,5,8,1225,1998,1999,336000
902,No,599,GLQ,277,288,Unf,1967.0,902,TA,6173,0,6,5,876,1967,1967,125500
1153,No,692,GLQ,153,484,RFn,1983.0,2353,Ex,13005,195,7,7,845,1980,1980,260000
689,No,378,GLQ,311,299,Fin,1977.0,1392,TA,10900,36,7,6,689,1977,1977,161750
1155,Av,899,ALQ,210,576,Unf,1987.0,1155,Gd,11782,0,7,5,1109,1961,1995,148000
1136,No,180,Rec,676,240,Unf,1950.0,1904,TA,7200,0,4,5,1208,1950,1982,138000
950,No,0,Unf,862,208,RFn,1929.0,1158,TA,6000,0,7,6,862,1929,1950,120000
751,Mn,0,Unf,611,502,Fin,1920.0,1362,TA,6155,0,8,6,611,1920,1999,128000
1005,No,0,Unf,975,429,Fin,1999.0,2291,Gd,8738,0,5,7,975,1999,1999,230000
649,No,0,Unf,649,250,Unf,1920.0,1317,TA,8500,54,4,4,649,1920,1950,40000
1734,No,1004,GLQ,730,928,Unf,2007.0,1734,Ex,12085,0,5,8,1734,2007,2007,318000
1194,No,0,Unf,1194,312,RFn,1959.0,1194,TA,8760,0,6,6,1194,1959,1959,148000
876,Mn,0,Unf,876,720,Unf,1949.0,1416,TA,12665,0,8,5,876,1915,1950,153900
1383,Mn,1064,BLQ,319,354,Unf,1954.0,1383,TA,13284,116,5,5,1383,1954,1954,165000
1001,No,284,BLQ,717,871,Unf,1949.0,2002,TA,6270,0,6,5,1001,1949,1950,145000
1496,Av,0,Unf,1496,474,Unf,2007.0,1496,Gd,9158,130,5,8,1496,2007,2007,225000
984,No,408,Unf,156,660,Unf,1977.0,1604,TA,10998,68,5,5,984,1941,1960,117000
764,No,0,Unf,680,504,Unf,1965.0,764,TA,5232,0,5,5,680,1925,2004,73000
977,No,0,Unf,741,476,Fin,1985.0,1732,Gd,9206,46,5,6,741,1985,1985,178000
1494,Av,0,Unf,1494,840,RFn,2006.0,1494,Gd,10652,33,5,7,1494,2006,2007,279500
986,No,0,Unf,960,180,Unf,1926.0,986,TA,6180,128,5,6,960,1926,1950,102000
1145,No,16,GLQ,1129,397,Fin,2005.0,1145,Gd,3182,16,5,7,1145,2005,2006,160200
742,No,0,Unf,742,0,None,1979.0,1484,TA,6300,291,6,6,742,1914,2001,128000
1344,No,111,GLQ,354,525,RFn,1958.0,1344,Gd,14375,118,6,6,819,1958,1958,137500
958,No,0,Unf,650,686,Unf,1983.0,1539,Gd,10440,78,8,5,650,1904,2002,157500
1134,No,0,Unf,1122,656,Fin,2005.0,2504,Ex,11198,39,5,9,1122,2005,2007,325000
747,Mn,0,Unf,600,528,Unf,1953.0,747,TA,5825,0,5,4,600,1926,1953,79900
1108,Av,975,GLQ,133,583,RFn,1998.0,2097,Gd,9750,170,6,7,1108,1998,1998,274300
3138,Gd,2260,GLQ,878,884,Fin,2007.0,4676,Ex,40094,406,5,10,3138,2007,2008,184750
786,No,0,Unf,698,624,Unf,1999.0,1176,TA,6000,0,9,6,698,1937,2000,134900
720,No,495,Rec,225,0,None,1979.0,720,TA,7879,523,5,4,720,1920,1950,34900
1580,No,0,Unf,1580,830,RFn,2008.0,1580,Gd,11932,24,5,8,1580,2007,2008,235128
1440,Gd,1440,Unf,0,0,None,1979.0,1440,TA,7711,0,3,4,1440,1977,1977,150000
738,No,193,GLQ,545,540,Fin,2005.0,1476,Gd,8633,35,5,6,738,2005,2005,173500
1500,Av,20,GLQ,1480,570,RFn,2004.0,1500,Gd,8487,36,5,7,1500,2004,2004,190000
884,No,0,Unf,884,216,Unf,1960.0,1348,TA,6000,0,8,5,884,1925,1997,117000
1200,Mn,661,GLQ,203,884,Unf,1977.0,1200,Gd,9230,64,8,5,864,1965,1998,146000
1394,No,609,BLQ,785,514,RFn,1963.0,1394,TA,9500,76,5,6,1394,1963,1963,159000
800,No,400,GLQ,336,484,Unf,1966.0,1632,Gd,9130,40,8,6,800,1966,2000,173000
912,No,842,ALQ,70,336,Unf,1974.0,912,TA,8521,0,5,5,912,1967,1967,125000
1370,No,1128,BLQ,242,864,Unf,1918.0,2624,TA,22420,0,6,6,1370,1918,1950,239000
1696,No,0,Unf,1140,349,Unf,1962.0,1696,TA,13673,30,5,5,1140,1962,1962,143900
682,No,0,Unf,440,440,Unf,1966.0,1230,TA,10440,0,6,5,440,1910,1981,110000
1549,No,297,Rec,556,440,Unf,1932.0,2727,Gd,10570,74,8,8,853,1932,1994,315000
728,No,0,Unf,728,429,RFn,2006.0,1456,TA,15578,0,5,6,728,2006,2006,172785
864,No,375,Unf,250,660,Unf,1989.0,864,Gd,6960,0,6,4,864,1970,1970,120500
970,No,0,Unf,970,380,Unf,2004.0,1709,Gd,2522,40,5,6,970,2004,2006,130000
810,No,643,GLQ,167,528,Fin,2001.0,1665,Gd,8400,45,6,8,810,2001,2001,227000
1372,Gd,987,GLQ,360,656,RFn,1993.0,2646,Gd,9900,60,5,7,1347,1993,1993,260000
798,No,0,Unf,798,595,RFn,2003.0,1640,Gd,7226,45,5,7,798,2003,2003,183000
1014,Mn,440,BLQ,538,420,Unf,1920.0,1699,TA,10615,74,5,3,978,1900,1970,95000
1663,Gd,1116,BLQ,248,529,Unf,1954.0,1663,Gd,53227,137,6,4,1364,1954,1994,256000
1728,No,1332,Rec,396,504,Unf,1963.0,1728,TA,9100,0,5,5,1728,1963,1963,125000
1055,No,0,Unf,1055,462,RFn,1992.0,1845,Gd,11218,104,5,6,1055,1992,1992,189000
1020,Gd,536,BLQ,169,440,RFn,1964.0,1851,Gd,9760,42,8,6,822,1964,1993,187000
1489,No,0,Unf,1489,776,RFn,2006.0,1489,Gd,11216,140,5,8,1489,2006,2006,232600
864,No,612,Rec,252,300,Unf,2008.0,864,TA,9100,0,6,6,864,1959,1959,127500
1256,No,830,BLQ,136,276,Fin,1965.0,1256,TA,9937,68,6,5,1256,1965,1965,147500
816,No,816,Unf,0,816,Fin,1985.0,816,TA,6600,0,8,5,816,1982,2003,138000
902,Gd,454,ALQ,410,492,Unf,1965.0,1820,Gd,13700,84,6,7,864,1965,1988,201800
912,Mn,48,BLQ,422,833,RFn,1991.0,2127,Gd,13125,192,5,7,1104,1991,1991,238000
1065,No,0,Unf,1065,461,Unf,1974.0,1065,TA,8892,0,5,5,1065,1960,1960,126500
1200,No,0,Unf,1200,312,Unf,1923.0,1200,TA,11340,0,5,6,1200,1923,1950,125000
1208,Av,686,GLQ,501,632,RFn,2006.0,1208,Gd,6762,61,5,7,1187,2006,2006,206000
1133,Gd,0,Unf,1094,642,Fin,2005.0,2482,Gd,12665,39,5,8,1094,2005,2006,281213
1720,No,919,GLQ,801,527,Fin,1996.0,1720,Gd,10593,56,5,7,1720,1996,1996,260400
840,No,116,LwQ,556,0,None,1979.0,840,TA,4388,0,7,5,672,1930,1950,87000
1294,No,1200,GLQ,78,496,Unf,1991.0,1294,Gd,7153,51,5,6,1278,1991,1991,179200
1090,No,980,ALQ,110,450,Fin,2005.0,1090,TA,7024,49,5,5,1090,2005,2006,157000
1165,No,0,Unf,1141,420,Fin,1998.0,2263,Gd,12090,123,5,8,1141,1998,1998,258000
969,Av,716,BLQ,253,440,Unf,1975.0,969,TA,10356,0,6,5,969,1975,1975,122000
894,No,0,Unf,894,1248,RFn,1994.0,894,TA,18000,20,4,3,894,1935,1950,81000
1028,No,0,Unf,1008,360,Unf,1927.0,1028,TA,8960,0,6,5,1008,1927,1950,115000
979,No,484,Rec,495,492,Unf,1946.0,1958,TA,7136,0,6,6,979,1946,1950,145000
1795,Av,0,Unf,1795,895,RFn,2007.0,1795,Gd,9986,49,5,8,1795,2006,2007,147000
1940,Av,1646,GLQ,284,606,Fin,2010.0,1940,Ex,10159,95,5,9,1930,2009,2010,395192
1178,No,1084,BLQ,92,439,Unf,1973.0,1178,Gd,10000,0,6,5,1176,1973,2000,157000
810,No,156,BLQ,516,400,Unf,1934.0,1482,Fa,12155,0,8,6,672,1925,1950,140000
1428,No,0,Unf,1417,554,RFn,2008.0,1428,Ex,12274,60,5,7,1417,2008,2008,227680
864,Av,460,BLQ,404,338,Unf,1972.0,864,TA,15523,0,6,5,864,1972,1972,133500
616,Mn,236,LwQ,0,200,Unf,1941.0,1111,TA,9084,0,6,5,616,1941,1950,95000
680,No,310,Unf,370,420,Fin,1993.0,1470,TA,9765,63,8,6,680,1993,1993,185000
1116,No,0,Unf,1116,440,Unf,1962.0,1116,TA,10000,0,6,6,1116,1962,1962,160000
864,No,414,Unf,450,288,Unf,1959.0,864,Gd,7332,0,6,6,864,1959,1959,120000
1297,No,1213,Rec,84,498,Fin,1954.0,1297,TA,8532,0,6,5,1297,1954,1990,153000
1113,No,607,ALQ,506,264,Unf,1950.0,1113,Gd,9600,80,7,5,1113,1950,2007,147000
1501,Gd,679,GLQ,811,577,RFn,1999.0,1501,Gd,10335,29,5,7,1490,1999,1999,204000
764,Mn,24,GLQ,732,614,Unf,2009.0,1547,Gd,8640,45,5,7,756,2009,2009,215200
991,No,222,GLQ,769,678,RFn,2004.0,1947,Gd,12552,136,5,7,991,2004,2005,254900
1717,Av,0,Unf,1709,908,RFn,2006.0,1717,Gd,11146,39,5,8,1709,2006,2006,255500
1052,Av,504,Unf,506,440,Unf,1971.0,1052,TA,8816,0,7,6,1010,1971,1971,155000
1127,Av,862,Unf,255,455,Unf,1997.0,2013,TA,9920,130,5,7,1117,1996,1997,269790
1266,Av,0,Unf,1266,388,Fin,2007.0,1266,Gd,3182,16,5,7,1266,2007,2007,159895
1992,Av,240,GLQ,1752,716,Fin,2005.0,2868,Ex,16056,108,5,9,1992,2005,2006,556581
980,No,300,GLQ,652,554,Fin,2000.0,2256,Gd,8795,54,5,7,952,2000,2000,236000
1414,Av,24,GLQ,1390,494,RFn,2004.0,1414,Gd,8773,105,5,7,1414,2004,2004,185500
936,No,814,GLQ,114,471,Unf,1994.0,1721,Gd,8462,87,5,6,928,1994,1994,201000
811,No,550,ALQ,163,434,RFn,1975.0,1552,TA,11475,208,6,6,713,1975,1975,179900
698,No,0,Unf,698,528,RFn,1980.0,1128,TA,7500,0,4,4,698,1920,1950,68400
1118,Av,522,ALQ,574,358,Fin,1977.0,1118,TA,9880,0,6,6,1096,1977,1977,171000
1728,Gd,936,Rec,396,574,Unf,1976.0,1728,TA,12640,0,5,6,1728,1976,1976,150900
1686,No,1361,GLQ,88,711,RFn,1994.0,2448,Gd,46589,76,7,8,1629,1994,2005,402000
1473,Gd,1324,GLQ,113,452,Unf,1968.0,1473,Ex,25095,48,8,5,1437,1968,2003,143000
1187,Mn,902,LwQ,254,400,RFn,1990.0,1717,Gd,13758,36,5,7,1156,1990,1991,187500
1166,Gd,655,GLQ,201,400,Fin,2005.0,1166,Gd,9587,0,5,7,856,2005,2005,190000
1370,Mn,24,GLQ,1346,484,RFn,2006.0,1370,Gd,6442,49,5,8,1370,2006,2006,202500
1724,Av,528,ALQ,1152,480,RFn,1967.0,1724,TA,17871,0,5,6,1680,1967,1976,197900
970,No,0,Unf,970,380,Unf,2004.0,1709,Gd,2522,40,5,7,970,2004,2004,130000
483,No,358,ALQ,125,264,Unf,1971.0,987,TA,1680,0,3,6,483,1971,1971,89500
901,No,352,LwQ,441,216,Unf,1920.0,1802,TA,7588,0,6,7,793,1920,1950,200100
1170,No,503,Rec,449,360,Unf,1932.0,2345,TA,16560,0,8,6,952,1932,1950,239000
1068,No,663,GLQ,396,264,RFn,1963.0,1068,TA,8414,0,8,6,1059,1963,2003,154500
1617,No,165,LwQ,598,533,Unf,1993.0,1617,Gd,8012,69,5,6,1604,1993,1994,193000
1244,No,777,Rec,467,336,Unf,1957.0,1244,TA,11988,40,6,6,1244,1957,1957,150000
1180,No,0,Unf,700,252,Unf,1922.0,1180,Fa,11600,0,5,4,700,1922,1950,137500
520,No,0,Unf,600,480,RFn,2005.0,1223,Gd,2544,166,5,7,600,2005,2005,147400
1686,No,625,BLQ,0,612,Unf,1980.0,1686,TA,10240,131,6,6,1686,1980,1980,207500
1646,Gd,1513,GLQ,125,800,RFn,2008.0,1646,Gd,9520,44,5,8,1638,2007,2008,293077
1144,No,594,BLQ,270,264,RFn,1961.0,1144,TA,10000,0,6,5,864,1961,1983,131400
939,Av,0,Unf,939,639,Unf,2006.0,1797,Gd,9245,53,5,7,939,2006,2006,213500
1224,None,0,None,0,462,Unf,1962.0,1224,TA,9842,0,5,4,0,1962,1962,101800
992,No,735,GLQ,257,839,Unf,2000.0,1865,Gd,10316,184,5,7,992,2000,2000,235000
1056,No,846,Rec,210,308,RFn,1958.0,1056,TA,8176,0,6,5,1056,1958,1992,139000
1966,No,0,Unf,1926,820,Fin,2009.0,3140,Ex,13518,78,5,9,1926,2008,2009,485000
1212,Av,506,ALQ,0,492,Unf,1978.0,1212,TA,8471,12,7,6,506,1977,1995,151000
1694,Av,1369,GLQ,317,636,RFn,2004.0,1694,Gd,10084,57,5,8,1686,2004,2005,307000
802,Av,714,GLQ,88,413,Fin,1997.0,1511,TA,11207,75,5,6,802,1997,1997,185000
1057,No,731,GLQ,326,246,Unf,1953.0,1057,Gd,7922,52,7,5,1057,1953,2007,109000
1246,No,0,Unf,777,560,Unf,1971.0,2290,TA,11340,0,6,4,777,1885,1950,122500
1377,No,1002,GLQ,0,786,Unf,1988.0,2183,Gd,13837,0,5,7,1204,1988,1988,229000
1699,Mn,1470,GLQ,203,594,Unf,1990.0,3222,Gd,12376,0,5,7,1673,1990,1990,320000
909,No,0,Unf,880,512,RFn,1996.0,1716,Gd,8750,120,5,7,880,1996,1996,191000
1342,No,251,Rec,491,457,Unf,1967.0,1342,TA,9790,0,5,6,1372,1967,1967,161500
1504,No,16,GLQ,1330,437,Fin,2005.0,1504,Gd,3182,20,5,7,1346,2005,2006,191000
1053,No,0,Unf,1053,648,RFn,2003.0,1992,Gd,9375,45,5,8,1053,2003,2004,250000
624,No,510,BLQ,90,462,Unf,1999.0,1252,Gd,2160,48,5,7,600,1999,2000,160000
999,No,588,ALQ,411,264,Unf,1963.0,999,Gd,7758,132,7,5,999,1962,2001,132500
741,No,0,Unf,622,528,Unf,1966.0,1363,TA,7740,0,7,4,622,1910,1950,125500
1165,Gd,312,Rec,276,490,RFn,1966.0,1165,TA,9020,129,7,6,1127,1966,1966,174900
1668,Av,1059,GLQ,567,702,Unf,2002.0,1668,Gd,11248,45,5,9,1626,2002,2002,285000
1158,Av,0,Unf,1158,853,RFn,2005.0,2376,Gd,14215,154,5,8,1158,2005,2006,325300
889,No,0,Unf,540,352,Unf,1940.0,1440,TA,5000,0,4,5,540,1900,1950,79000
794,Av,182,GLQ,612,388,Fin,1997.0,1470,TA,13869,75,6,6,794,1997,1997,177000
1541,Mn,1201,Unf,340,532,Unf,2005.0,1541,Gd,12182,70,5,7,1541,2005,2005,220000
1440,No,133,ALQ,1307,0,None,1979.0,1440,Fa,12108,0,4,4,1440,1955,1955,118000
1146,Av,786,GLQ,82,438,Unf,2003.0,1146,Gd,9590,22,5,7,868,2003,2003,187500
1494,Av,437,LwQ,0,481,Fin,1995.0,1494,Ex,9549,30,5,8,1494,1995,1996,270000
1462,No,1170,GLQ,292,738,Fin,2004.0,2224,Ex,8834,0,5,9,1462,2004,2005,350000
820,No,0,Unf,731,186,Unf,1921.0,1343,TA,7681,0,6,5,731,1921,1950,154900
1210,No,281,Unf,747,683,Fin,1998.0,2452,Gd,16226,50,5,8,1028,1998,1999,267000
1127,No,442,Rec,374,540,RFn,1964.0,1977,TA,9500,52,6,6,816,1964,1978,165000
1064,No,495,GLQ,354,504,RFn,1987.0,1767,Gd,5306,35,7,7,1064,1987,1987,239000
1324,No,863,GLQ,461,550,Fin,2006.0,1324,Gd,6240,38,5,8,1324,2006,2006,254000
912,No,0,Unf,912,330,Unf,1948.0,1458,TA,17503,0,5,6,912,1948,1950,97500
1314,No,24,GLQ,1290,440,RFn,2006.0,1314,Gd,9317,22,5,6,1314,2006,2006,176432
1575,No,430,GLQ,1145,529,RFn,1992.0,1575,Gd,8012,0,5,6,1575,1992,1992,179200
1620,Gd,1022,GLQ,598,912,Fin,2008.0,1620,Ex,12898,0,5,9,1620,2007,2008,315500
1104,Av,0,Unf,1104,304,Unf,1957.0,1788,TA,11250,0,5,4,1104,1957,1989,161500
913,Gd,187,LwQ,0,240,Unf,1990.0,913,TA,8400,0,5,6,814,1966,1966,129000
2073,No,790,ALQ,589,500,Unf,1978.0,2073,TA,13175,0,6,6,1542,1978,1988,210000
764,No,0,Unf,776,492,Unf,1999.0,1441,Gd,2645,0,5,8,776,1999,2000,174000
815,No,0,Unf,815,225,Unf,1916.0,1690,TA,8850,0,6,7,815,1916,1950,144000
1437,No,988,Rec,200,576,Unf,1999.0,1437,TA,14175,0,6,5,1188,1956,1987,168000
2156,No,297,BLQ,1203,508,RFn,1968.0,2156,TA,20781,80,7,7,1568,1968,2003,262500
864,No,468,Rec,396,0,None,1979.0,864,TA,5604,0,6,5,864,1925,1950,98000
536,No,129,Rec,175,336,Unf,1976.0,1112,TA,2592,0,3,5,536,1976,1976,85000
1122,No,700,ALQ,0,746,RFn,1990.0,2243,Gd,13474,44,5,7,700,1990,1991,225000
810,No,0,Unf,686,210,Unf,1940.0,1328,TA,9906,172,4,4,686,1925,1950,107000
968,No,0,Unf,656,216,Unf,1928.0,968,TA,10800,0,6,4,656,1927,2007,64500
698,No,0,Unf,698,384,Unf,2003.0,1396,TA,8730,0,7,6,698,1915,2003,153575
1856,Av,1445,GLQ,411,834,Fin,2010.0,1856,Ex,11394,0,2,9,1856,2010,2010,394432
1610,No,1288,GLQ,294,789,Fin,2007.0,2161,Ex,10562,120,5,8,1582,2007,2007,325624
1602,No,1246,ALQ,356,529,Fin,1977.0,1602,Gd,16635,0,7,6,1602,1977,2000,215000
630,No,0,Unf,630,280,Unf,1991.0,1302,TA,1680,0,5,5,630,1971,1971,112000
807,No,457,GLQ,326,393,Fin,2002.0,1509,Gd,7861,75,5,6,783,2002,2003,183200
912,No,737,ALQ,175,352,Unf,1962.0,912,TA,12968,0,6,5,912,1962,1962,144000
1004,No,399,ALQ,605,420,Unf,1950.0,1664,TA,5000,24,7,6,1004,1947,1950,159000
1390,No,423,Rec,758,576,Unf,1925.0,1694,TA,8400,0,5,6,1181,1925,1950,136500
747,No,0,Unf,747,220,Unf,1945.0,747,TA,4608,0,6,4,747,1945,1950,80000
1040,None,0,Unf,0,420,Unf,1950.0,1040,TA,7200,29,5,4,0,1950,1950,109900
831,No,0,Unf,831,493,RFn,2002.0,1660,Gd,8935,68,5,7,831,2002,2002,195000
1026,No,218,LwQ,808,308,Unf,1924.0,1691,Gd,5000,0,6,5,1026,1924,1950,127000
864,No,398,ALQ,317,720,RFn,1980.0,864,Gd,7200,0,8,5,864,1950,2002,129000
752,No,623,ALQ,0,264,Unf,1984.0,752,TA,7175,0,5,6,744,1984,1984,125000
963,No,361,GLQ,602,564,RFn,2001.0,1792,Gd,12435,96,5,7,963,2001,2001,231500
764,No,0,Unf,764,474,RFn,2003.0,1626,Gd,2628,27,5,7,764,2003,2003,175500
1484,Av,428,GLQ,1048,472,RFn,2006.0,1484,Ex,9037,33,5,8,1476,2006,2006,265900
1675,No,0,Unf,1470,870,Unf,2003.0,3493,Gd,18386,0,9,7,1470,1880,2002,295000
1652,No,1572,GLQ,80,840,Fin,2006.0,1652,Ex,13173,102,5,9,1652,2006,2007,325000
1276,No,0,Unf,1276,350,Unf,1958.0,1276,TA,9571,0,3,5,1276,1958,1958,60000
1112,No,120,BLQ,736,271,Unf,1950.0,1668,TA,9600,0,8,6,856,1950,2005,140000
720,No,0,Unf,720,0,None,1979.0,1192,TA,10800,0,4,4,720,1949,1950,135000
884,Av,747,ALQ,0,504,RFn,1983.0,884,Gd,9180,0,7,5,840,1983,1983,144000
1180,Gd,1065,GLQ,92,454,Unf,1988.0,2062,TA,14364,55,5,7,1157,1988,1989,277000
827,None,0,None,0,392,Unf,1967.0,827,TA,7200,0,7,5,0,1955,2007,107500
1136,No,0,Unf,728,532,Unf,1997.0,2019,Gd,11414,135,8,7,728,1910,1993,167500
616,Mn,0,Unf,264,336,Fin,1976.0,1304,TA,2665,24,6,5,264,1976,1976,115000
684,No,0,Unf,684,216,Unf,1930.0,1368,TA,3600,158,7,6,684,1910,1993,114504
840,No,0,Unf,840,379,Unf,1915.0,1605,TA,5790,0,6,3,840,1915,1950,107400
2020,No,1436,GLQ,570,900,Fin,2009.0,2020,Ex,12220,54,5,10,2006,2009,2009,402861
625,No,0,Unf,625,528,RFn,2006.0,1250,Gd,4251,54,5,7,625,2006,2007,164700
1624,No,1456,GLQ,168,757,RFn,1994.0,1624,Gd,12461,114,5,8,1624,1994,1995,262000
845,No,565,ALQ,280,360,Unf,1987.0,845,TA,7599,0,6,4,845,1982,2006,129500
1389,Av,1071,ALQ,195,418,RFn,1975.0,1389,TA,10010,38,5,5,1389,1974,1975,170000
968,No,0,Unf,968,480,Unf,1935.0,968,TA,8520,0,6,5,968,1923,2006,100000
546,No,0,Unf,546,286,Unf,1970.0,1092,TA,2001,0,5,4,546,1970,1970,75000
848,Av,685,GLQ,163,420,Fin,2003.0,848,Gd,4435,0,5,6,848,2003,2004,144000
1269,No,374,BLQ,363,308,Unf,1964.0,1269,TA,7931,0,6,5,1269,1960,1960,155000
1092,No,170,LwQ,252,288,Unf,1962.0,1092,TA,11616,20,5,5,1092,1962,1962,139000
1468,No,795,ALQ,0,539,Fin,1977.0,2263,Gd,16659,250,7,7,795,1977,1994,235000
952,No,228,ALQ,724,283,Unf,1956.0,952,TA,8475,0,7,4,952,1956,1956,135750
736,No,0,Unf,736,0,None,1979.0,1452,TA,4456,0,5,4,736,1920,2008,113000
1039,Mn,841,BLQ,198,504,Unf,1965.0,1039,TA,11625,0,4,5,1039,1965,1965,131500
1204,No,866,GLQ,338,412,Unf,1998.0,1204,TA,4500,247,5,6,1204,1998,1998,162000
1117,Av,422,ALQ,480,672,Unf,1976.0,1117,TA,7819,0,5,6,1029,1976,1976,107000
2196,Mn,485,ALQ,1496,701,RFn,1990.0,2196,Gd,14684,70,7,7,2158,1990,1991,271900
985,Av,595,GLQ,390,328,Unf,1977.0,985,TA,8385,0,8,5,985,1977,1977,149900
1629,No,1124,GLQ,1603,880,Unf,2003.0,1629,Gd,10655,0,5,8,3206,2003,2004,284000
877,No,0,Unf,861,216,Unf,1928.0,1477,TA,6292,50,7,7,861,1928,1950,145000
980,No,560,BLQ,420,484,Unf,1986.0,980,TA,7064,0,6,5,980,1977,1977,135000
1166,No,728,GLQ,367,590,RFn,1992.0,2295,Gd,13346,40,5,7,1095,1992,2000,268000
900,No,0,Unf,602,180,Unf,1923.0,1502,Gd,10592,0,7,6,602,1923,1996,165000
1575,Av,0,Unf,697,432,Unf,1966.0,2201,Gd,19690,236,7,6,697,1966,1966,274970
1050,No,789,GLQ,245,836,Fin,2008.0,2078,Ex,10800,102,5,8,1034,2007,2008,339750
800,No,0,Unf,264,0,None,1979.0,800,Fa,6120,0,3,2,264,1936,1950,60000
1578,No,0,Unf,1573,840,Unf,2008.0,1578,Ex,9262,36,5,8,1573,2008,2009,287090
1932,Av,1336,GLQ,596,774,Fin,2008.0,1932,Ex,12444,66,5,8,1932,2008,2008,394617
1507,No,666,ALQ,409,404,Unf,1960.0,1507,TA,7910,0,5,5,1075,1960,1960,127000
900,No,450,BLQ,432,280,Unf,1970.0,900,TA,9819,0,5,5,882,1967,1967,122000
1718,Gd,1172,GLQ,528,786,Fin,2008.0,1718,Ex,12456,48,5,10,1700,2006,2007,337500
1089,No,0,Unf,636,240,Unf,1937.0,1750,Ex,9000,0,6,5,636,1880,1991,124000
1383,No,719,Unf,660,834,Fin,1996.0,2398,Gd,11787,60,5,7,1379,1996,1997,315750
774,No,0,Unf,774,680,Fin,2009.0,1968,Ex,12003,75,5,8,774,2009,2010,269500
1536,Av,810,GLQ,726,532,RFn,2002.0,1536,Gd,9135,74,5,7,1536,2002,2003,214000
864,No,203,Rec,661,200,Unf,1938.0,864,TA,8212,0,3,3,864,1914,1950,58500
3228,No,1231,GLQ,1969,546,Unf,1992.0,3228,Gd,12692,75,5,8,3200,1992,1993,430000
1518,No,1351,GLQ,83,670,RFn,2003.0,2149,Gd,12822,43,5,7,1434,2003,2003,239686
1320,No,0,Unf,1240,864,Unf,1950.0,2640,Gd,11700,0,7,7,1240,1880,2003,265979
1682,No,0,Unf,1304,530,Unf,1970.0,1682,TA,10400,0,6,7,1304,1970,1970,174000
1038,Mn,0,Unf,1030,878,RFn,2005.0,2098,Ex,10240,52,5,8,1030,2005,2005,275500
864,No,553,Rec,0,360,Unf,1965.0,864,TA,8281,0,5,5,864,1965,1965,62383
1168,Av,562,Unf,29,530,RFn,1969.0,1968,TA,11075,189,4,5,784,1969,1969,172000
1097,No,338,GLQ,702,480,Unf,1986.0,1097,TA,9672,0,5,6,1040,1984,1985,152000
684,Mn,0,Unf,684,528,Unf,2005.0,1196,Gd,12354,46,8,6,684,1920,2000,110000
1252,No,57,ALQ,554,451,Unf,1958.0,1920,Gd,13650,0,5,5,1052,1958,1958,172500
1728,No,231,LwQ,1497,576,Unf,1987.0,1728,TA,13101,0,5,5,1728,1965,1965,142600
1128,No,804,GLQ,324,577,Unf,2002.0,2031,Gd,9473,211,5,8,1128,2002,2002,237000
1196,No,616,LwQ,580,297,RFn,1956.0,1196,TA,9000,44,5,6,1196,1956,1956,139000
803,Av,116,BLQ,604,360,Unf,1941.0,803,TA,5000,0,6,5,720,1941,1950,87000
780,No,493,Rec,0,462,Fin,1969.0,1620,TA,10793,0,5,5,780,1969,1969,152000
2097,Mn,1721,Unf,356,1134,Fin,2005.0,2097,Ex,20896,267,5,8,2077,2005,2006,423000
1869,No,0,Unf,1869,617,RFn,2007.0,1869,Ex,7820,54,5,9,1869,2007,2007,318061
956,No,0,Unf,930,431,Fin,1998.0,1886,Gd,11214,0,5,7,930,1998,1999,199900
480,Av,50,BLQ,430,308,Unf,1958.0,480,TA,9000,0,3,2,480,1949,1950,35311
1296,None,0,None,0,516,Unf,1967.0,1296,TA,10791,0,5,4,0,1967,1967,90000
816,Mn,690,ALQ,126,288,Unf,1958.0,816,TA,8877,0,6,4,816,1938,1958,100000
1601,No,704,ALQ,567,478,RFn,1978.0,1601,TA,11880,0,5,7,1271,1978,1978,157000
962,No,0,Unf,936,451,Fin,2000.0,1792,TA,10261,0,5,6,936,2000,2000,186500
1352,No,1012,GLQ,326,796,RFn,1993.0,2520,Gd,14541,55,7,8,1338,1993,1993,310000
1144,Av,748,Unf,102,796,RFn,1959.0,1144,TA,8163,0,6,5,1144,1959,1959,143000
990,No,0,Unf,612,621,RFn,1998.0,2601,TA,9842,0,6,5,612,1921,1998,189000
972,No,0,Unf,972,312,Unf,1939.0,1577,Fa,6435,0,5,6,972,1939,1950,140200
970,No,630,GLQ,340,624,Unf,1996.0,970,TA,8480,24,6,5,970,1963,1963,132500
2036,Gd,1236,ALQ,80,513,RFn,1965.0,2036,TA,215245,0,5,7,2136,1965,1965,375000
1026,No,439,GLQ,115,440,RFn,1969.0,1026,Gd,7930,48,8,6,1026,1969,2005,156000
698,No,0,Unf,698,0,None,1979.0,698,TA,9405,200,9,5,698,1947,2008,118000
1533,Gd,655,ALQ,878,576,Unf,1975.0,1533,Gd,70761,54,5,7,1533,1975,1975,280000
854,No,360,Rec,360,660,Unf,1991.0,1382,TA,12358,0,6,5,720,1941,1950,128500
1391,Mn,16,Unf,1375,530,Unf,2004.0,1391,Gd,4282,158,5,7,1391,2004,2004,196000
1078,Mn,49,Unf,0,240,Unf,1950.0,1078,Gd,9717,0,6,5,1078,1950,1996,142125
1296,No,1005,GLQ,262,471,Fin,2001.0,1296,Gd,6853,25,5,8,1267,2001,2002,220000
1442,No,608,Rec,834,301,RFn,1958.0,1442,TA,9750,0,6,6,1442,1958,1958,157900
1024,Av,0,Unf,940,0,None,1979.0,1964,TA,8525,192,6,5,940,1911,1950,130000
1502,No,0,Unf,1502,644,RFn,2009.0,1502,Gd,9541,114,5,7,1502,2009,2009,233170
1392,No,1040,Rec,352,458,RFn,1957.0,1392,TA,11900,0,5,6,1392,1957,1957,166000
1768,No,0,Unf,1768,0,None,1979.0,1768,TA,10778,0,5,4,1768,1968,1968,136500
1582,Av,812,Rec,812,390,Unf,1964.0,1582,TA,36500,198,5,5,1624,1964,1964,190000
958,Mn,498,BLQ,460,301,RFn,1960.0,958,TA,12772,0,8,6,958,1960,1998,151500
894,Av,777,Rec,117,600,RFn,1985.0,894,TA,7200,0,5,5,894,1972,1972,123000
1224,No,883,GLQ,341,402,Fin,1999.0,1224,TA,4500,304,5,6,1224,1999,1999,165000
1742,Av,1280,GLQ,402,846,Fin,2008.0,2332,Ex,12474,134,5,10,1682,2007,2008,426000
1269,No,24,GLQ,1232,430,Fin,2004.0,1269,Gd,3182,20,5,8,1256,2004,2005,192000
1776,Gd,80,GLQ,1652,712,Fin,2006.0,1776,Gd,15306,0,5,8,1732,2006,2007,283463
728,No,0,Unf,728,390,Fin,2005.0,1456,Gd,8461,24,5,6,728,2005,2006,163990
1194,Mn,655,ALQ,0,539,Fin,1954.0,1194,TA,8910,0,6,6,655,1959,1959,159500
1008,No,643,BLQ,365,240,Unf,1953.0,1008,Gd,8923,18,7,5,1008,1953,2006,134500
1555,Av,16,GLQ,1357,430,Fin,2005.0,1555,Gd,3182,20,5,7,1373,2005,2006,192500
892,Mn,0,Unf,747,180,Unf,1914.0,1784,TA,13132,40,5,5,747,1914,1950,138887
1108,No,0,Unf,637,280,Unf,1930.0,1108,Gd,7449,0,7,7,637,1930,1950,139400
754,No,0,Unf,384,400,Fin,2007.0,1394,Gd,9735,0,5,5,384,2006,2007,167500
980,No,394,Unf,586,496,Unf,1988.0,1714,TA,10421,66,5,7,980,1988,1988,196500
882,None,0,None,0,294,RFn,1959.0,882,TA,8339,0,7,5,0,1959,1959,106500
1306,No,0,Unf,728,0,None,1979.0,1306,Fa,5350,0,2,3,728,1940,1966,76500
626,No,0,Unf,626,288,RFn,1980.0,1217,TA,10762,28,6,6,626,1980,1980,120000
990,No,495,GLQ,495,299,Unf,1996.0,990,TA,8775,64,5,5,990,1994,1994,126000
1132,Av,0,Unf,1117,691,Unf,2004.0,2452,Gd,13418,32,5,8,1117,2004,2005,309000
848,Av,685,GLQ,163,420,Unf,2003.0,848,Gd,4435,0,5,6,848,2003,2003,140000
697,No,551,BLQ,121,300,Unf,1930.0,1369,TA,6629,0,6,6,672,1925,1950,103600
1218,No,27,GLQ,1191,676,Fin,2009.0,1218,Gd,7862,102,5,6,1218,2009,2009,208300
1423,No,0,Unf,588,672,Fin,1993.0,2555,TA,11526,0,7,6,588,1922,1994,191000
1247,No,1039,GLQ,208,550,Fin,2005.0,1247,Gd,3316,84,5,8,1247,2005,2005,197000
1542,No,896,ALQ,434,619,Fin,1977.0,2872,TA,12227,282,7,6,1330,1977,1995,272000
1652,Gd,1480,GLQ,120,482,Unf,2008.0,1652,Gd,5587,53,5,8,1600,2008,2008,392500
1844,No,705,BLQ,1139,546,RFn,1977.0,1844,TA,11751,122,6,6,1844,1977,1977,190000
1113,Mn,341,GLQ,772,689,RFn,2005.0,1971,Gd,9675,48,5,7,1113,2005,2005,253000
1007,No,0,Unf,982,463,Fin,2000.0,1800,TA,8123,63,5,6,982,2000,2000,179000
1062,No,750,GLQ,300,574,Fin,1993.0,1949,Gd,9938,90,5,7,1050,1993,1994,236000
630,Av,150,LwQ,0,0,None,1979.0,630,TA,1491,24,6,4,630,1972,1972,75500
1494,Mn,922,GLQ,572,530,RFn,2002.0,1494,Gd,12803,36,5,7,1494,2002,2002,221000
600,No,0,Unf,600,0,None,1979.0,968,TA,5925,0,6,3,600,1910,1950,37900
1274,No,925,GLQ,349,508,Unf,2005.0,1274,Gd,8814,98,5,7,1274,2005,2007,203000
1520,Av,674,BLQ,350,364,RFn,1955.0,1520,TA,9600,0,6,6,1156,1955,1972,153000
1285,No,0,Unf,660,528,RFn,1977.0,1285,TA,8197,0,5,6,660,1977,1977,143500
807,No,0,Unf,783,393,Fin,2003.0,1509,Gd,7875,75,5,7,783,2003,2003,180000
1142,No,0,Unf,793,550,RFn,1976.0,1935,TA,12384,113,7,7,793,1976,1976,197900
816,Av,816,GLQ,0,0,None,1979.0,816,TA,11841,32,5,6,816,1990,1990,118500
1200,No,833,Unf,343,555,RFn,2003.0,1200,Gd,10083,41,5,7,1176,2003,2003,184900
997,No,0,Unf,941,548,Unf,1958.0,1470,TA,8172,0,6,4,941,1954,1972,135000
1656,Gd,639,BLQ,441,528,Fin,1960.0,1656,TA,31770,62,5,6,1080,1960,1960,215000
792,No,0,Unf,768,240,Unf,1924.0,792,Gd,9022,0,8,5,768,1924,2006,109500
1694,No,0,Unf,1694,818,Fin,2007.0,1694,Gd,12030,228,5,8,1694,2007,2007,318000
1800,Gd,1274,GLQ,526,765,Fin,2002.0,1800,Gd,14331,78,5,8,1800,2002,2002,312500
1422,No,0,Unf,662,560,Unf,1945.0,2337,TA,13600,57,5,5,662,1900,1950,90000
1168,Mn,196,Rec,844,315,Unf,1949.0,1846,TA,10496,0,6,6,1040,1949,1950,143000
1026,Gd,505,GLQ,0,576,Unf,1981.0,1026,TA,10970,0,6,6,940,1978,1978,147000
904,No,0,Unf,876,408,Unf,1966.0,904,TA,7162,0,7,5,876,1966,1966,109900
1126,No,936,ALQ,190,484,RFn,1977.0,1126,TA,17400,41,5,5,1126,1977,1977,160000
1136,Av,970,GLQ,166,872,Unf,2004.0,2468,Gd,12099,154,5,8,1136,2004,2004,354000
988,Gd,938,ALQ,0,540,Unf,1969.0,988,TA,21453,130,5,6,938,1969,1969,180000
1052,Av,1016,Unf,36,288,RFn,1968.0,1052,TA,8400,0,5,5,1052,1968,1968,138500
572,No,0,Unf,572,0,None,1979.0,1096,TA,9600,8,5,6,572,1924,1950,79000
1141,No,0,Unf,1141,484,Unf,2005.0,1141,TA,13072,0,5,6,1141,2005,2005,142500
1012,No,247,Rec,485,484,RFn,1972.0,1790,TA,10400,0,5,6,732,1972,1972,165150
1004,Mn,668,GLQ,336,660,Fin,1999.0,1852,Gd,9066,106,5,8,1004,1999,2000,230000
520,Av,490,GLQ,30,0,Unf,1979.0,754,TA,6780,0,8,6,520,1935,1982,84500
624,No,0,Unf,624,513,Unf,1916.0,1344,TA,4571,0,5,5,624,1916,1950,98000
2207,Gd,912,GLQ,1035,576,RFn,1970.0,2207,TA,19900,0,5,7,1947,1970,1989,180000
1307,No,0,Unf,907,360,Unf,1908.0,2358,TA,45600,40,8,6,907,1908,1997,240000
1175,No,575,GLQ,487,831,Fin,1994.0,2715,Gd,8963,204,9,8,1142,1976,1996,299800
1364,Av,659,GLQ,705,484,RFn,2005.0,1364,Gd,7052,36,5,7,1364,2005,2005,185850
1253,No,0,Unf,1237,402,Fin,1995.0,1253,TA,7875,21,5,7,1237,1995,1996,176000
1328,No,569,ALQ,678,528,Unf,1963.0,1328,TA,9790,26,5,6,1328,1963,1963,143000
1422,No,0,Unf,978,286,RFn,1960.0,1422,TA,12342,0,5,5,978,1960,1978,139900
1186,No,454,BLQ,314,486,Unf,1965.0,1986,TA,13600,42,6,7,768,1965,1990,205000
952,No,0,Unf,952,192,Unf,1916.0,952,Fa,8854,98,6,6,952,1916,1950,121000
1660,Mn,1220,GLQ,440,500,RFn,2006.0,1660,Gd,10182,50,5,8,1660,2006,2006,290000
2234,No,1904,GLQ,312,1166,Fin,2009.0,2234,Ex,17423,60,5,9,2216,2008,2009,501837
790,Mn,384,Unf,384,160,Unf,1925.0,790,TA,6292,141,5,6,768,1930,1950,91000
1340,Av,24,GLQ,1316,396,Fin,2007.0,1340,Gd,8899,30,5,7,1340,2007,2007,181134
1610,Mn,1200,ALQ,410,480,RFn,1977.0,1610,Gd,10603,68,7,6,1610,1977,2001,205000
1361,No,498,GLQ,652,600,RFn,1977.0,2620,TA,18890,24,5,5,1361,1977,1977,190000
1248,Av,16,GLQ,1232,438,Fin,2005.0,1248,Gd,3010,0,5,7,1248,2005,2006,167240
912,Mn,832,GLQ,80,288,Unf,1962.0,912,Gd,6768,0,8,6,912,1961,1996,142000
943,Gd,828,GLQ,115,472,Fin,1998.0,1638,TA,9042,38,5,6,943,1998,1998,192000
1622,Av,1159,BLQ,90,1356,Fin,1975.0,1622,TA,32463,0,4,4,1249,1961,1975,168000
1436,No,774,ALQ,104,180,Unf,1945.0,2320,Gd,7259,0,8,6,1028,1945,2002,259500
1144,No,572,Rec,572,456,Unf,1961.0,1144,TA,7875,0,6,5,1144,1961,1961,139950
848,No,182,Rec,611,281,Unf,1968.0,1520,TA,4500,0,5,5,793,1932,2000,159434
1516,No,196,Rec,975,472,RFn,1964.0,1516,TA,10004,0,6,6,1516,1964,1964,167000
1498,Mn,0,Unf,1498,675,Unf,2006.0,1498,Gd,8990,33,5,7,1498,2006,2006,204900
804,No,690,ALQ,114,560,Fin,2001.0,1961,Gd,12209,192,5,6,804,2001,2002,215000
728,No,0,Unf,728,440,Fin,2006.0,1456,Gd,11103,0,5,7,728,2006,2006,155835
1207,Mn,0,Unf,1032,349,Unf,1940.0,2403,TA,24090,0,7,7,1032,1940,1950,244400
1944,Gd,1274,Unf,622,708,Fin,2003.0,1944,Ex,12378,175,5,9,1896,2003,2004,360000
1368,No,0,Unf,1368,474,RFn,2005.0,1368,Gd,6955,35,5,7,1368,2005,2006,202500
882,No,633,GLQ,240,588,RFn,1999.0,1790,Gd,9179,88,5,7,873,1999,1999,193000
1476,Av,1330,GLQ,122,858,Fin,2008.0,2713,Ex,14948,66,5,9,1452,2008,2008,446261
720,No,0,Unf,720,312,Unf,1948.0,1271,TA,21286,0,5,5,720,1948,1950,135000
1872,Av,929,GLQ,916,604,Unf,1988.0,1872,TA,10400,39,5,7,1845,1988,1988,241500
1190,Mn,828,GLQ,180,577,Fin,1984.0,2090,Gd,5062,0,5,7,1190,1984,1984,207500
882,Mn,706,GLQ,88,546,RFn,1998.0,1796,TA,9531,36,5,6,794,1998,1998,211000
1302,Av,0,Unf,1302,436,Fin,2007.0,1302,Gd,8993,22,5,7,1302,2007,2007,176485
2524,No,1104,ALQ,1420,542,Fin,1981.0,2524,Gd,9600,120,5,8,2524,1981,1981,278000
840,No,315,ALQ,420,338,Fin,1967.0,1374,TA,5400,0,6,4,840,1920,1950,105000
764,No,567,GLQ,197,474,RFn,2003.0,1626,Gd,2268,27,5,7,764,2003,2004,173000
735,No,0,Unf,735,240,Unf,1940.0,1034,TA,10134,39,6,5,735,1940,1950,109000
1518,Gd,1218,GLQ,300,588,RFn,2003.0,1518,Ex,12677,140,5,8,1518,2003,2004,274000
1226,No,224,LwQ,816,240,Unf,1951.0,1818,TA,7758,0,4,7,1040,1931,1950,169500
1661,No,0,Unf,1649,598,RFn,1998.0,1661,Gd,12137,34,5,7,1649,1998,1998,224900
1096,Mn,297,Rec,0,432,Unf,1977.0,1991,TA,11275,0,7,6,854,1932,1950,220000
832,No,624,ALQ,26,324,Unf,1930.0,1482,TA,9000,0,9,7,650,1920,1988,143000
1742,Gd,1148,GLQ,594,564,RFn,1985.0,1742,Gd,6563,28,5,8,1742,1985,1985,275000
686,No,0,Unf,686,280,Unf,1955.0,1250,Fa,8248,0,7,5,686,1918,1950,116000
816,No,0,Unf,816,528,Unf,1985.0,1176,TA,6240,0,6,6,816,1934,1950,114500
927,Mn,789,GLQ,119,506,Fin,1992.0,1915,Gd,10041,150,5,8,908,1992,1992,220000
1192,No,388,LwQ,552,240,Unf,1940.0,1595,TA,8400,0,5,6,940,1940,2000,140000
1661,Av,831,BLQ,161,377,RFn,1955.0,1661,Gd,9600,28,6,6,992,1955,1996,165500
832,No,544,GLQ,288,552,Fin,2009.0,1935,TA,8004,150,5,8,832,2009,2009,263435
1795,No,0,Unf,1777,534,RFn,2002.0,1795,Gd,9742,159,5,8,1777,2002,2002,230000
847,No,0,Unf,847,434,Fin,2003.0,1928,Gd,8200,48,5,7,847,2003,2004,219500
1159,No,673,BLQ,378,336,Unf,1968.0,1159,TA,11553,0,5,5,1051,1968,1968,158000
855,No,311,Unf,544,440,Unf,1978.0,1456,TA,2280,0,5,6,855,1978,1978,146000
1137,No,341,BLQ,457,431,Unf,1939.0,1954,Gd,15660,119,9,7,798,1939,2006,311500
2028,Gd,1460,GLQ,408,880,RFn,2005.0,2028,Gd,11443,66,5,8,1868,2005,2006,369900
2898,Av,1165,ALQ,0,665,Fin,1976.0,2898,Gd,15498,72,6,8,1565,1976,1976,287000
814,No,533,GLQ,281,663,RFn,2000.0,1674,Gd,7500,96,5,7,814,2000,2000,216000
974,Mn,212,BLQ,762,0,None,1979.0,974,TA,10712,28,5,5,974,1991,1992,93500
1091,Mn,932,GLQ,133,586,Fin,2002.0,1989,Gd,11367,60,5,8,1065,2002,2002,255000
1080,No,50,BLQ,499,678,Unf,1993.0,2097,Gd,11228,187,5,7,1080,1993,1993,228000
1442,No,0,Unf,1424,500,Unf,1990.0,1442,TA,11851,34,5,7,1424,1990,1990,180500
1130,No,821,Unf,299,720,Unf,1970.0,1130,TA,10800,0,6,5,1120,1920,1950,120000
1133,No,329,Rec,697,240,Unf,1925.0,1820,TA,9120,100,6,7,1026,1925,1950,184000
1378,No,0,Unf,689,583,Unf,1972.0,2119,TA,10448,104,6,6,689,1972,1972,158000
1264,No,0,Unf,1234,666,Fin,2006.0,2576,Ex,12438,100,5,8,1234,2006,2006,361919
780,No,0,Unf,780,0,None,1979.0,1020,TA,6342,0,8,5,780,1875,1996,94000
1095,No,0,Unf,1095,779,Unf,1920.0,1774,TA,9600,0,2,4,1095,1900,1950,87000
904,Gd,350,BLQ,333,0,None,1979.0,904,Fa,10020,0,1,1,683,1922,1950,61000
673,No,641,GLQ,32,490,Unf,2000.0,1382,Gd,2651,50,5,7,673,2000,2000,165000
1518,Mn,0,Unf,1107,840,Unf,1993.0,3608,Ex,22950,260,9,10,1107,1892,1993,475000
1178,Mn,0,Unf,1008,205,Unf,1930.0,2210,Fa,9900,48,4,6,1008,1880,1950,117500
806,No,0,Unf,806,373,Fin,1995.0,1572,TA,10364,40,5,6,806,1995,1996,168000
1824,Gd,1219,GLQ,424,739,Unf,1971.0,1824,Gd,115149,48,5,7,1643,1971,2002,302000
1056,No,775,BLQ,281,304,Unf,1968.0,1056,TA,8450,85,6,5,1056,1968,1968,142000
949,No,392,BLQ,392,392,Unf,1965.0,1221,TA,9738,0,7,5,784,1924,1950,104900
1362,No,288,ALQ,700,504,Unf,1961.0,1362,TA,10197,20,5,6,1362,1961,1961,163000
848,Gd,697,GLQ,151,420,RFn,2004.0,848,Gd,4426,0,5,6,848,2004,2004,141000
1434,No,20,GLQ,1434,527,RFn,2001.0,1434,Gd,8529,39,5,7,1454,2001,2001,189000
1208,No,664,GLQ,544,628,RFn,2007.0,1208,Gd,6762,54,5,7,1208,2007,2007,195400
1096,No,626,ALQ,170,566,Unf,1950.0,1466,Gd,10800,21,8,5,796,1936,1989,170000
1987,Gd,1314,GLQ,672,691,Fin,1994.0,1987,Gd,14303,36,5,8,1986,1994,1994,301500
1325,Gd,1173,GLQ,138,983,RFn,1993.0,2418,Gd,10542,154,5,7,1311,1993,1994,341000
1314,No,904,GLQ,410,626,RFn,2008.0,1314,Gd,5063,62,5,7,1314,2007,2008,207500
970,No,0,Unf,970,380,Unf,2004.0,1709,Gd,2522,40,5,7,970,2004,2004,137500
672,No,0,Unf,672,0,None,1979.0,1218,TA,1680,0,5,6,672,1971,1971,91500
1440,No,256,LwQ,1184,0,None,1979.0,3395,Fa,10896,110,7,6,1440,1914,1995,200000
1200,Gd,1200,GLQ,0,0,None,1979.0,1200,TA,10800,0,5,5,1200,1987,1988,179000
912,No,111,BLQ,522,297,Fin,1958.0,912,TA,7535,285,7,5,912,1958,1985,120000
2444,Gd,1455,GLQ,989,832,Fin,1994.0,4316,Ex,21535,50,6,10,2444,1994,1995,755000
856,No,706,GLQ,150,548,RFn,2003.0,1710,Gd,8450,61,5,7,856,2003,2003,208500
1234,No,0,Unf,1181,656,Fin,2003.0,2374,Ex,11999,100,5,8,1181,2003,2004,285000
860,No,275,Rec,429,234,Unf,1941.0,1564,Fa,12000,0,7,7,704,1941,1950,174500
1466,No,176,Unf,1290,528,Fin,1959.0,1466,Fa,17755,140,4,5,1466,1959,1959,149900
1383,No,565,Rec,818,292,Unf,1960.0,1383,TA,11600,45,5,6,1383,1960,1960,145250
1535,None,0,None,0,410,Unf,1979.0,1535,TA,7018,0,5,5,0,1979,1979,118964
990,No,716,ALQ,274,576,Unf,1996.0,990,TA,13568,0,5,5,990,1995,1995,156000
918,No,364,Rec,554,240,Unf,1941.0,1646,TA,7128,0,5,7,918,1941,1950,164000
908,No,0,Unf,1020,440,Unf,1910.0,1928,Fa,9142,60,8,6,1020,1910,1950,137000
1040,No,315,GLQ,114,550,RFn,1979.0,1725,TA,11584,88,6,7,539,1979,1979,197000
2129,No,700,GLQ,983,541,Fin,1992.0,2872,Gd,10678,33,5,8,1683,1992,2000,285000
1092,Mn,500,ALQ,176,576,Unf,1969.0,2112,TA,11075,0,5,6,952,1969,1969,206900
757,No,672,BLQ,0,240,Unf,1936.0,1324,TA,6000,0,6,4,672,1936,1950,128000
520,No,0,Unf,600,480,RFn,2005.0,1200,Gd,3180,166,5,7,600,2005,2005,144152
672,No,456,Rec,216,468,Unf,1964.0,1344,TA,10690,128,7,5,672,1920,1997,147000
840,No,0,Unf,840,500,RFn,2003.0,1668,Gd,11317,68,5,7,840,2003,2003,180000
1040,None,0,Unf,0,400,Unf,1949.0,1040,TA,8544,0,4,3,0,1950,1950,93500
900,Mn,234,Unf,180,576,Unf,2005.0,900,Gd,7200,32,7,5,900,1951,2000,134800
1559,No,338,Rec,1221,812,Unf,1948.0,1559,TA,8100,116,6,5,1559,1948,1973,153500
948,No,492,ALQ,372,248,Unf,1954.0,948,TA,10215,0,5,4,864,1954,1954,111000
923,No,543,BLQ,261,264,RFn,1980.0,923,TA,8012,0,5,6,923,1980,1980,143000
1552,Av,24,GLQ,1528,782,Unf,2005.0,1552,Gd,10084,20,5,7,1552,2005,2006,212900
961,No,216,ALQ,540,642,Unf,1998.0,1717,Gd,9550,35,5,7,756,1915,1970,140000
1721,No,570,Rec,891,440,RFn,1968.0,1721,TA,10335,96,6,5,1461,1968,1993,180000
483,No,330,BLQ,153,264,Unf,1973.0,987,TA,1680,0,5,6,483,1973,1973,100000
1200,No,334,ALQ,322,521,RFn,1995.0,1200,Gd,11249,26,5,6,1200,1995,1995,177500
1148,No,292,LwQ,476,281,Unf,1949.0,1716,TA,11409,0,4,5,768,1949,2008,131000
894,No,553,GLQ,224,336,Unf,1973.0,894,TA,8450,144,8,5,894,1965,2009,138500
1771,None,0,None,0,336,Unf,1960.0,1771,TA,21750,0,4,5,0,1960,2006,115000
1173,Gd,885,GLQ,0,528,RFn,1974.0,1173,Gd,10625,120,6,7,1053,1974,1974,170000
1287,No,72,ALQ,733,576,Fin,1997.0,1287,Gd,9830,17,7,5,1063,1959,2006,162000
1382,No,547,Rec,504,459,Unf,1974.0,1382,TA,11235,82,5,4,1051,1963,1979,148000
1214,No,565,GLQ,638,721,Unf,1995.0,2520,Gd,9950,114,5,7,1203,1995,1995,290000
1215,No,585,Rec,630,297,Unf,1958.0,1215,TA,12400,0,7,6,1215,1958,1998,155000
1203,No,740,GLQ,425,844,Unf,1994.0,2526,Gd,10120,78,5,8,1165,1994,1994,290000
600,No,0,Unf,600,480,RFn,2004.0,1200,Gd,3182,172,5,7,600,2004,2005,151000
1728,No,1606,ALQ,122,560,Unf,1976.0,1728,TA,9297,0,5,5,1728,1976,1976,188000
902,No,0,Unf,576,480,Unf,1990.0,1710,TA,10300,11,6,7,576,1921,1950,140000
1407,No,1074,GLQ,322,870,Fin,1997.0,2392,Gd,9452,70,5,8,1396,1997,1998,348000
1014,No,402,BLQ,594,457,RFn,1993.0,1744,Gd,9453,70,7,7,996,1993,2003,194500
822,No,0,Unf,813,562,RFn,2007.0,1665,Gd,8125,0,6,7,813,2007,2007,205950
1282,Av,984,GLQ,280,792,Unf,2007.0,2696,Ex,9965,184,5,7,1264,2007,2007,383970
864,No,616,ALQ,248,528,Unf,1974.0,864,TA,9000,0,6,4,864,1971,1971,120500
672,No,344,Rec,328,234,Unf,1941.0,672,TA,9340,113,6,4,672,1941,1950,113000
1320,Av,328,LwQ,285,564,Unf,1966.0,1320,TA,11777,68,6,5,1164,1966,1966,164500
958,No,120,ALQ,958,440,RFn,1977.0,958,TA,4928,205,5,6,1078,1976,1976,128000
1710,Mn,0,Unf,1710,550,Unf,2004.0,1710,Gd,12118,48,5,7,1710,2004,2005,240000
1265,Gd,633,ALQ,586,502,RFn,1965.0,1265,Gd,9350,92,8,5,1219,1965,1999,179900
1456,Gd,0,Unf,1273,400,Fin,2003.0,1456,Gd,3196,20,5,8,1273,2003,2003,215000
1067,No,0,Unf,927,576,Unf,1995.0,1539,TA,6120,0,6,5,927,1936,1950,141500
1959,No,0,Unf,1907,766,Unf,1989.0,1959,TA,11070,0,5,7,1907,1988,1989,171000
1008,No,0,Unf,1008,0,None,1979.0,1522,TA,6000,0,5,5,1008,1926,1950,102000
1124,None,0,Unf,0,0,None,1979.0,1124,TA,8335,36,5,5,0,1954,1954,93000
1107,Mn,859,ALQ,216,484,Unf,1973.0,2090,TA,10382,204,6,7,1107,1973,1973,200000
1214,No,698,ALQ,420,461,Unf,1965.0,1214,TA,9170,0,7,5,1214,1965,1965,140000
1779,Mn,306,ALQ,372,454,Unf,1955.0,1779,TA,17920,418,4,5,1763,1955,1974,170000
1629,Av,1300,GLQ,316,808,Fin,2002.0,1629,Gd,14536,252,5,8,1616,2002,2003,270000
1554,Mn,24,GLQ,1530,627,RFn,2006.0,1554,Gd,4590,73,5,8,1554,2006,2006,209500
993,No,0,Unf,964,642,Fin,1997.0,2236,Gd,13006,0,5,7,964,1997,1997,222000
796,No,0,Unf,796,0,Unf,1979.0,796,TA,3636,0,4,4,796,1922,1950,55000
840,No,0,Unf,840,308,Unf,1960.0,1680,TA,15576,0,7,6,840,1915,1976,177000
848,Av,686,GLQ,162,420,Fin,2003.0,848,Gd,4435,0,5,6,848,2003,2003,136500
1142,No,874,ALQ,268,528,Fin,1976.0,1142,TA,4224,90,5,5,1142,1976,1976,134000
1252,Gd,429,BLQ,93,564,RFn,1960.0,1252,TA,13500,0,7,6,1602,1960,1975,235000
1684,No,28,GLQ,1656,564,RFn,2005.0,1684,Ex,8849,72,5,9,1684,2005,2005,266000
2000,No,1464,GLQ,536,888,Unf,2004.0,2000,Gd,10386,0,5,8,2000,2004,2005,305900
1616,Av,0,Unf,1616,834,RFn,2005.0,1616,Gd,8688,59,5,7,1616,2005,2005,232000
1299,Av,990,GLQ,309,531,RFn,2001.0,1872,Ex,11885,122,5,8,1299,2001,2001,261500
1042,No,0,Unf,1042,225,Unf,1928.0,1576,TA,6240,0,6,5,1042,1928,1950,149000
1175,Av,421,GLQ,386,575,Unf,1989.0,1982,Gd,11287,84,6,7,807,1989,1989,228500
988,No,534,BLQ,246,276,Unf,1950.0,988,TA,7200,80,7,5,876,1950,1950,119000
1844,No,976,GLQ,868,620,Fin,2005.0,1844,Gd,10994,44,5,8,1844,2005,2006,257000
1258,No,656,ALQ,602,528,Unf,1971.0,1258,Gd,11040,0,7,6,1258,1971,2004,145000
1288,No,786,GLQ,474,500,Fin,1996.0,1288,Ex,14963,30,5,8,1260,1996,1996,245500
1634,No,0,Unf,1626,866,Unf,2006.0,1634,Gd,11428,44,5,8,1626,2006,2006,250000
855,No,257,ALQ,103,440,Unf,1974.0,1322,TA,2308,0,5,6,855,1974,1974,147000
707,Av,0,Unf,707,403,Fin,2004.0,1414,Gd,9056,35,5,8,707,2004,2004,178000
1504,Gd,690,GLQ,814,478,Fin,1996.0,1504,Gd,11883,66,5,7,1504,1996,1996,203000
1670,No,0,Unf,1670,690,RFn,2006.0,1670,Gd,14859,60,5,7,1670,2006,2006,240000
1516,Gd,125,LwQ,36,518,RFn,1974.0,2167,Gd,17542,47,7,7,1192,1974,2003,294000
1069,No,559,ALQ,510,440,RFn,1977.0,1069,TA,4043,55,6,6,1069,1977,1977,140000
1072,Gd,547,GLQ,0,525,Fin,2005.0,1072,TA,3675,44,5,6,547,2005,2006,140000
1572,Gd,1159,Rec,413,995,RFn,1963.0,1572,TA,35133,263,4,5,1572,1963,1963,186700
1188,No,1088,LwQ,0,456,Unf,1963.0,1869,TA,8820,0,6,5,1088,1890,1996,124900
882,No,0,Unf,882,0,None,1979.0,882,TA,5500,0,6,4,882,1956,1956,103200
1922,Gd,1249,GLQ,673,676,Fin,2005.0,1922,Gd,14157,51,5,9,1922,2005,2006,377426
780,Av,632,ALQ,148,352,Unf,1973.0,780,TA,7200,0,7,5,780,1972,1972,124900
1021,No,0,Unf,533,300,RFn,1958.0,1601,TA,13825,34,6,5,533,1958,1987,140000
1530,Av,1274,ALQ,256,430,Fin,2005.0,1530,Gd,16158,36,5,7,1530,2005,2005,260000
833,No,625,Unf,208,0,None,1979.0,833,TA,8780,0,5,5,833,1985,1985,112000
679,No,331,ALQ,318,308,Unf,1981.0,1183,TA,6000,176,7,3,649,1948,2002,120000
1040,No,659,ALQ,381,260,Unf,1962.0,1040,TA,6897,104,8,5,1040,1962,2010,127000
1466,Gd,1150,GLQ,316,1052,RFn,2006.0,2828,Gd,9965,144,5,8,1466,2006,2007,424870
1032,No,280,BLQ,752,288,Unf,1950.0,1252,TA,9600,0,5,6,1032,1950,1950,119000
1246,No,340,LwQ,0,305,RFn,1959.0,1246,Gd,7500,0,7,5,1246,1959,1994,154000
904,No,0,Unf,884,180,Unf,1926.0,904,TA,6000,0,7,6,884,1926,2004,119000
966,No,686,LwQ,0,416,Unf,1961.0,1652,TA,10800,0,6,5,686,1915,1950,139000
1036,No,375,Rec,457,288,Unf,1949.0,1268,TA,12144,28,7,5,832,1949,1950,133000
1172,No,0,Unf,896,342,Unf,1929.0,1913,TA,7558,0,6,6,896,1928,1950,177000
1358,Mn,733,Unf,625,484,RFn,2010.0,1358,Gd,6371,35,5,7,1358,2009,2010,224000
1657,No,1237,LwQ,420,484,Unf,1970.0,1657,TA,12155,0,3,6,1657,1970,1970,163500
838,Mn,210,Rec,0,275,Fin,1961.0,838,Fa,10267,0,7,6,816,1918,2000,130000
1022,No,772,ALQ,220,390,RFn,1999.0,2060,Gd,8755,0,5,7,992,1999,1999,214000
764,No,573,GLQ,191,474,RFn,2003.0,1626,Gd,2448,27,5,7,764,2003,2004,154000
663,No,371,ALQ,292,299,Fin,1969.0,1352,TA,9364,36,7,6,663,1969,1969,158000
968,No,368,Rec,359,240,Unf,1941.0,1376,TA,9492,0,5,5,768,1941,1950,105000
849,No,326,LwQ,389,240,Unf,1939.0,1660,TA,11988,0,7,6,715,1934,1995,188700
616,No,0,Unf,616,432,Fin,2007.0,1412,Gd,8499,36,5,6,616,2006,2007,156932
756,No,0,Unf,756,216,Unf,1906.0,1469,TA,10320,0,7,6,756,1906,1995,135000
774,No,0,Unf,384,400,RFn,2000.0,1430,TA,9967,0,5,7,384,2000,2000,170000
1094,Mn,500,Rec,594,495,Unf,1953.0,1094,TA,10452,0,5,6,1094,1953,1953,155000
1826,Gd,1422,GLQ,392,758,Unf,2005.0,1826,Gd,11302,75,5,8,1814,2005,2006,319000
672,Mn,0,Unf,672,576,Unf,2003.0,924,TA,8064,0,7,5,672,1949,2006,122900
1502,Av,368,GLQ,0,528,RFn,1985.0,1502,Gd,6820,54,5,8,1488,1985,1985,212000
616,Gd,462,GLQ,154,603,RFn,1997.0,1688,Gd,12798,114,5,6,616,1997,1997,200000
1262,No,905,GLQ,357,572,Unf,2006.0,1262,Gd,7200,120,5,6,1262,2006,2006,185000
1905,No,0,Unf,1905,788,Fin,2006.0,1905,Ex,11670,191,5,9,1905,2006,2006,320000
1153,Av,252,ALQ,901,541,Fin,1998.0,2031,Gd,11404,84,5,7,1153,1998,1999,222500
1350,No,0,Unf,1064,478,RFn,1974.0,1350,TA,10140,0,5,6,1064,1974,1974,165000
941,No,483,GLQ,458,613,RFn,2003.0,1829,Gd,9548,39,6,7,941,2003,2003,237000
965,No,641,BLQ,187,300,Unf,1979.0,965,TA,7800,0,5,5,828,1965,1965,119900
672,No,348,BLQ,324,280,Unf,1941.0,924,Fa,12180,0,4,4,672,1941,1950,80000
1055,No,0,Unf,1055,905,Fin,2001.0,2263,Gd,9240,45,5,8,1055,2001,2002,287000
1236,No,626,Rec,501,540,Unf,1935.0,2108,Gd,13728,0,7,6,1127,1935,1986,235000
1242,No,916,ALQ,326,528,Unf,1973.0,1242,TA,9600,0,6,7,1242,1973,1973,175500
989,No,0,Unf,884,240,Unf,1935.0,1573,Gd,6120,0,7,4,884,1935,1995,133000
884,No,0,Unf,884,434,Fin,2001.0,2035,Gd,9505,48,5,7,884,2001,2001,222500
1232,No,660,BLQ,572,516,Unf,1984.0,1232,TA,11120,0,6,6,1232,1984,1984,162500
1098,No,403,Unf,400,483,RFn,1976.0,1964,TA,10480,69,6,7,803,1976,1976,205000
792,No,0,Unf,576,0,None,1979.0,1140,TA,8800,160,7,4,576,1910,2004,96500
894,No,702,BLQ,192,450,RFn,1967.0,894,Gd,9764,0,7,5,894,1967,2003,130000
1512,Mn,619,BLQ,435,619,Unf,1968.0,2654,Gd,11029,65,7,6,1054,1968,1984,250000
768,Av,660,Unf,108,396,Fin,1974.0,768,TA,7200,0,8,5,768,1972,2003,133900
672,None,0,None,0,0,None,1979.0,912,TA,6240,0,5,4,0,1947,1950,80500
1040,Av,650,Rec,390,504,Unf,1969.0,2080,Fa,11606,0,5,5,1040,1969,1969,135000
1040,No,732,GLQ,308,576,Unf,2000.0,1040,Gd,12464,0,5,5,1040,1996,1996,152000
1149,Mn,370,LwQ,779,216,Unf,1926.0,1616,Gd,5400,0,7,6,1149,1926,2004,152000
1047,No,0,Unf,641,273,Unf,1954.0,1047,TA,10800,0,7,4,641,1885,1995,100000
1803,No,168,Rec,284,484,RFn,1957.0,1803,TA,13125,0,4,5,1134,1957,2000,155000
832,No,0,Unf,832,528,Unf,1962.0,832,Gd,7227,0,6,6,832,1954,1954,105500
894,No,180,Rec,340,384,Unf,1966.0,894,TA,7094,0,5,5,894,1966,1966,125000
596,Mn,0,Unf,596,189,Unf,1920.0,1192,TA,6402,0,5,5,596,1920,1950,78000
1850,Gd,1261,GLQ,572,772,Fin,2004.0,1850,Gd,16033,112,5,9,1833,2004,2005,326000
899,No,450,ALQ,414,288,Fin,1967.0,899,Gd,7800,0,7,5,864,1967,2004,130000
892,No,340,Rec,524,264,RFn,1966.0,892,TA,9477,0,5,5,864,1966,1966,110000
1260,Mn,1046,Rec,168,506,Unf,1900.0,2291,TA,7200,0,6,6,1214,1910,1998,133900
1075,No,0,Unf,849,360,Unf,1910.0,2138,TA,8100,156,5,5,849,1898,1965,106000
926,No,0,Unf,926,470,Fin,1997.0,1604,TA,10839,36,5,6,926,1997,1998,181000
887,No,0,Unf,868,422,RFn,2006.0,2021,Gd,23257,100,5,7,868,2006,2006,274725
938,Av,280,LwQ,167,308,Unf,1977.0,938,TA,9200,0,6,5,938,1975,1980,130250
912,No,0,Unf,912,216,Unf,1925.0,1426,Gd,7642,240,8,7,912,1918,1998,189950
928,No,220,Rec,708,400,Unf,1948.0,1920,TA,11345,0,5,5,928,1948,1950,137000
1098,No,902,ALQ,196,260,Unf,1955.0,1098,TA,7390,0,7,5,1098,1955,1955,135000
729,No,0,Unf,270,0,Unf,1979.0,729,TA,4130,0,6,3,270,1935,2003,52000
1252,No,0,Unf,1252,528,Unf,1960.0,1252,Gd,10721,39,6,6,1252,1959,1959,142000
1584,No,0,Unf,1584,792,Unf,1967.0,1584,TA,8944,152,5,5,1584,1967,1967,124000
1506,No,0,Unf,1498,592,Unf,2008.0,1506,Ex,14587,174,5,9,1498,2008,2008,264132
1709,Av,1238,GLQ,460,506,Fin,1999.0,1709,Gd,5119,65,5,9,1698,1999,2000,328900
1092,No,895,Rec,197,299,Fin,1957.0,1092,TA,14850,0,5,5,1092,1957,1957,141000
1746,Gd,1320,GLQ,426,758,Fin,2006.0,1746,Ex,14892,39,5,9,1746,2006,2007,377500
1304,No,603,BLQ,701,667,Fin,1953.0,2287,TA,15593,21,4,7,1304,1953,1953,225000
789,No,0,Unf,768,200,Unf,1926.0,789,TA,10594,0,5,5,768,1926,1950,96500
1041,No,991,ALQ,50,270,RFn,1959.0,1041,TA,9600,88,6,5,1041,1959,1959,124500
993,No,0,Unf,967,431,Fin,2002.0,1908,Gd,14191,0,5,8,967,2002,2002,202900
1010,No,0,Unf,1010,390,RFn,2002.0,2267,Gd,8068,46,5,6,1010,2002,2002,200000
875,No,209,BLQ,506,180,Unf,1931.0,875,TA,6120,0,7,5,715,1931,1993,105000
1526,Av,383,Rec,833,364,Unf,1957.0,1526,TA,8562,78,6,5,1216,1957,2002,144500
1567,Gd,1567,ALQ,0,714,RFn,1977.0,1567,Gd,9819,32,5,6,1567,1977,1977,196000
1734,Gd,0,Unf,1734,1020,RFn,2009.0,2822,Ex,13891,170,5,9,1734,2008,2009,582933
689,No,141,Rec,548,360,Unf,1928.0,1378,Gd,9600,0,9,7,689,1928,2005,161000
1281,No,0,Unf,715,368,Unf,1920.0,1738,TA,12513,0,4,4,715,1920,2007,104900
1164,No,831,GLQ,320,521,Unf,1988.0,2060,TA,10029,228,5,6,1151,1988,1989,211000
1128,No,812,LwQ,124,286,Unf,1954.0,1128,TA,9000,0,5,5,936,1954,1954,118000
840,No,0,Unf,840,440,Fin,2004.0,1720,Gd,8244,48,5,7,840,2004,2004,183500
1050,No,504,Rec,546,338,Unf,1956.0,1050,TA,9600,0,6,5,1050,1956,1956,128900
1114,No,814,GLQ,300,576,Unf,2004.0,1114,Gd,13695,78,5,6,1114,2003,2004,155000
1053,No,567,Rec,413,750,RFn,1998.0,1053,Ex,8973,80,7,5,1008,1958,1991,150000
1593,Av,1153,GLQ,440,682,Fin,2001.0,1593,Ex,4923,120,5,8,1593,2001,2002,286000
1214,No,695,BLQ,519,318,RFn,1967.0,1214,TA,10355,111,5,5,1214,1967,1967,143000
816,No,641,ALQ,175,264,Unf,1982.0,816,Gd,6600,0,9,5,816,1982,2008,130500
1535,None,0,None,0,400,Unf,1979.0,1535,TA,7018,0,5,5,0,1979,1979,118858
1360,No,1036,Unf,140,795,Unf,1918.0,3112,Gd,25419,16,4,8,1360,1918,1990,235000
1079,Av,0,Unf,1079,685,RFn,2006.0,1919,Gd,15611,51,5,8,1079,2006,2006,233230
1097,No,0,Unf,1097,672,Unf,1995.0,1097,TA,10859,64,5,5,1097,1994,1995,145000
983,Mn,660,ALQ,323,423,Unf,1989.0,1750,TA,12508,0,7,6,983,1940,1985,160000
483,No,0,Unf,483,288,Unf,1972.0,987,TA,1680,0,5,6,483,1972,1972,94500
981,No,282,ALQ,664,576,Unf,1979.0,981,TA,10530,312,5,6,981,1971,1971,143250
1700,No,1018,Rec,380,447,RFn,1959.0,1700,Gd,10552,38,5,5,1398,1959,1959,165500
816,No,708,GLQ,108,308,Unf,1957.0,816,TA,7100,0,7,5,816,1957,1957,129900
944,No,666,GLQ,278,622,RFn,2001.0,1840,Gd,12420,45,5,7,944,2001,2001,230000
1291,No,837,ALQ,105,576,Unf,1973.0,2521,TA,3964,20,4,6,942,1973,1973,151400
1002,No,828,BLQ,174,902,Unf,1973.0,1002,TA,8750,0,6,5,1002,1970,1970,148500
841,No,0,Unf,721,294,Unf,1950.0,841,TA,8400,0,4,4,721,1950,1950,82000
996,Av,747,GLQ,189,564,Unf,1992.0,996,Gd,9069,0,6,6,936,1992,1992,147000
1713,Av,1088,GLQ,625,856,Fin,2004.0,1713,Ex,9591,26,5,8,1713,2004,2005,274900
1412,Mn,1005,GLQ,387,576,Unf,1988.0,1412,Gd,11457,0,5,6,1392,1988,1988,175000
1236,No,600,GLQ,312,923,Unf,1957.0,1236,TA,7407,158,7,6,912,1957,1996,149700
1040,Gd,633,ALQ,431,648,Unf,1963.0,1040,TA,25286,0,5,4,1064,1963,1963,132250
1616,No,1180,GLQ,415,608,RFn,1995.0,1616,Gd,5389,152,5,8,1595,1995,1996,236500
1414,No,528,ALQ,245,601,Unf,1990.0,1414,TA,11029,51,8,6,1184,1958,2002,176500
975,No,649,Unf,326,576,RFn,1997.0,1950,Gd,7399,10,5,7,975,1997,1998,239000
1086,No,320,ALQ,404,490,Unf,1989.0,1086,TA,10200,0,7,5,1086,1954,2003,144900
1072,Gd,1309,GLQ,15,528,RFn,1923.0,1576,Gd,21384,312,6,5,1324,1923,2004,223500
768,Av,619,ALQ,149,624,Unf,1987.0,768,TA,7244,0,7,5,768,1970,1970,129500
1381,No,982,ALQ,179,676,Unf,1972.0,1381,Gd,9360,0,7,6,1161,1972,2006,197500
1284,No,0,Unf,1284,647,RFn,2002.0,2169,Gd,9375,87,5,8,1284,2002,2002,228500
720,None,0,None,0,287,Unf,1955.0,720,TA,6627,0,6,3,0,1949,1950,72500
1584,No,493,LwQ,1017,520,Unf,1920.0,2792,TA,10440,547,7,6,1510,1920,1950,256000
936,No,0,Unf,936,576,Unf,1974.0,936,TA,6000,32,4,4,936,1953,1953,93000
1181,Av,920,BLQ,38,588,RFn,1974.0,1181,TA,10012,0,5,4,1138,1972,1972,137500
1689,Av,0,Unf,1689,954,RFn,2007.0,1689,Gd,9849,56,6,7,1689,2007,2007,248328
948,No,732,Rec,216,280,Unf,1956.0,948,TA,8190,36,6,4,948,1954,1954,119000
756,No,420,GLQ,336,440,Unf,2000.0,1512,Gd,2117,32,5,6,756,2000,2000,168500
894,No,492,BLQ,402,450,Unf,1968.0,894,TA,8724,0,5,5,894,1968,1968,129000
932,No,822,GLQ,78,644,RFn,2009.0,1852,Gd,8640,108,5,7,900,2009,2009,252678
845,None,0,None,0,290,Unf,1957.0,845,TA,11500,0,3,4,0,1957,1957,84000
774,No,544,Rec,0,0,None,1979.0,774,Gd,4270,0,6,3,544,1931,2006,79000
2053,Av,816,Unf,1217,666,Fin,1996.0,3238,Gd,14720,86,5,8,2033,1995,1996,410000
1232,Av,724,GLQ,508,632,Unf,2007.0,1232,Gd,7314,0,5,7,1232,2007,2007,194500
1164,No,0,Unf,1164,528,Unf,1969.0,1164,TA,9600,0,5,7,1164,1969,1969,140000
912,No,324,LwQ,588,160,Unf,1957.0,1248,TA,9439,0,5,5,912,1930,1950,87000
1687,Av,353,BLQ,60,572,Unf,1966.0,1687,TA,57200,0,5,5,747,1948,1950,160000
860,No,625,GLQ,235,440,Fin,2002.0,1960,Gd,7851,48,5,6,860,2002,2002,216500
546,No,273,BLQ,0,286,RFn,1970.0,1092,TA,2217,0,4,4,546,1970,1970,88000
894,No,552,Unf,342,400,Unf,1999.0,894,TA,9450,0,5,4,894,1954,1954,110000
1479,Av,1013,GLQ,440,558,RFn,2003.0,1479,Gd,10665,29,5,7,1453,2003,2003,226000
1060,Mn,188,Rec,204,270,Unf,1968.0,1060,Gd,8246,90,8,5,1060,1968,2001,154000
1436,Mn,946,GLQ,490,484,Unf,2004.0,1436,Gd,8450,98,5,7,1436,2004,2004,210000
1044,Av,0,Unf,540,504,Unf,1952.0,1044,Fa,8712,0,5,5,540,1952,1952,55993
880,Mn,390,Unf,490,320,Unf,1914.0,1768,TA,10800,341,7,7,880,1914,1970,163000
816,Av,538,Unf,278,432,Unf,2002.0,816,TA,5890,0,8,6,816,1930,2007,120500
774,No,250,GLQ,134,400,Fin,2000.0,1430,TA,7750,0,5,7,384,2000,2000,180000
1867,No,379,LwQ,470,303,Fin,1955.0,1867,TA,10708,0,5,5,1617,1955,1993,190000
1500,Av,1070,GLQ,286,648,Fin,2006.0,1500,Gd,4045,20,5,7,1356,2006,2006,246578
1100,No,419,ALQ,375,312,RFn,1960.0,1100,TA,12493,0,5,4,1100,1960,1960,141000
816,Gd,546,ALQ,270,264,Unf,1982.0,816,TA,8314,0,7,5,816,1982,1982,124500
1328,Gd,967,BLQ,383,308,Unf,1959.0,1328,TA,16905,104,6,5,1350,1959,1959,170000
1728,Gd,1338,GLQ,384,842,RFn,2008.0,2296,Ex,13478,274,5,10,1722,2008,2008,451950
864,No,167,Rec,697,572,Unf,1957.0,864,TA,8172,0,7,5,864,1955,1990,115000
1266,No,0,Unf,1257,453,Unf,2005.0,1266,Gd,7500,144,5,7,1257,2005,2005,176000
858,No,614,BLQ,244,0,None,1979.0,858,TA,8125,0,4,4,858,1971,1971,88000
832,No,426,GLQ,406,506,RFn,1993.0,1710,Gd,9291,70,5,6,832,1993,1993,187000
772,No,0,Unf,732,264,Unf,1979.0,1123,TA,6060,0,5,4,732,1939,1950,100000
953,No,0,Unf,953,460,RFn,1999.0,1647,TA,7917,40,5,6,953,1999,2000,175000
874,No,510,Unf,354,288,RFn,1968.0,874,TA,9858,0,6,5,864,1968,1968,130000
1788,Av,0,Unf,1753,522,RFn,2001.0,1788,Ex,11838,151,5,8,1753,2001,2001,236500
1839,No,1186,GLQ,291,416,Fin,1957.0,1839,Gd,14442,87,7,6,1477,1957,2004,257500
1088,No,381,ALQ,399,484,Unf,1976.0,1868,Gd,10304,96,7,5,780,1976,1976,197500
1712,No,528,LwQ,1098,588,Fin,2005.0,1712,TA,8393,54,5,5,1626,1959,2005,145000
561,No,285,ALQ,276,462,Fin,1980.0,1229,TA,1300,0,6,6,561,1980,1980,124000
1600,No,0,Unf,1566,890,RFn,2007.0,1600,Gd,14230,56,5,8,1566,2007,2007,256300
916,Av,0,Unf,916,460,Fin,1997.0,1600,TA,8773,38,5,6,916,1997,1997,169000
896,No,0,Unf,896,240,Unf,1936.0,1344,TA,6240,114,4,5,896,1936,1950,115000
1126,Av,767,ALQ,266,540,RFn,1977.0,1126,Ex,15611,0,6,5,1126,1977,1977,175000
923,No,658,ALQ,218,264,Unf,1984.0,923,TA,6951,0,5,5,876,1984,1985,119500
616,No,616,LwQ,0,205,Unf,1921.0,616,TA,6000,0,7,5,616,1921,1950,89000
1800,No,0,Unf,1800,0,None,1979.0,1800,TA,8000,0,4,5,1800,1961,1961,141000
1505,No,1024,Unf,481,505,RFn,1953.0,1505,TA,12160,0,4,6,1505,1953,1953,149500
1647,Mn,1283,ALQ,0,621,Fin,1977.0,1647,Gd,12984,0,6,5,1430,1977,1977,217500
1132,No,1024,GLQ,108,451,Fin,2005.0,1132,Gd,7024,64,5,4,1132,2005,2005,176000
928,No,821,GLQ,107,470,RFn,1997.0,1764,Gd,15426,99,5,6,928,1997,1997,231500
1088,None,0,None,0,240,Unf,1945.0,1529,TA,8405,0,3,4,0,1945,1950,98000
1699,No,0,Unf,804,336,Unf,1969.0,2447,Gd,9638,0,7,6,804,1919,1990,169000
1504,No,16,GLQ,1330,457,Fin,2005.0,1504,Gd,3182,0,5,7,1346,2005,2006,181000
1163,No,256,ALQ,906,220,Unf,1955.0,1163,TA,5820,98,8,3,1162,1955,2005,126175
769,No,436,GLQ,320,440,Unf,2000.0,1525,Gd,2117,0,5,6,756,2000,2000,177000
935,No,560,BLQ,0,288,Unf,1965.0,935,TA,13526,0,6,5,935,1965,1965,137000
813,No,0,Unf,813,270,Unf,1932.0,813,Gd,5684,113,8,6,813,1930,2005,110000
1112,No,603,GLQ,293,230,Unf,1948.0,2008,Ex,7800,0,8,5,896,1948,2002,225000
1532,No,1085,GLQ,390,514,Unf,1990.0,2329,Gd,11839,121,5,7,1475,1990,1990,262280
910,No,420,BLQ,490,282,Unf,1950.0,1558,TA,13710,0,5,5,910,1950,1950,152000
832,No,194,GLQ,638,528,RFn,1976.0,1664,TA,10140,28,5,7,832,1976,1976,162900
2110,No,1065,ALQ,1045,522,Fin,1968.0,2110,Ex,11160,0,5,7,2110,1968,1968,244000
905,No,648,GLQ,176,684,RFn,1997.0,1786,Gd,9337,162,5,6,824,1997,1997,204750
925,No,548,ALQ,36,336,RFn,1977.0,1475,TA,2665,26,6,5,757,1977,1977,127000
811,No,0,Unf,811,256,Unf,1954.0,1387,Gd,6000,0,4,5,811,1954,1954,93000
976,No,0,Unf,976,380,Unf,2004.0,1708,Gd,3363,40,5,7,976,2004,2004,130000
1085,No,600,Rec,312,440,Unf,1962.0,1734,Gd,9786,0,7,6,912,1962,1981,159000
1766,No,664,BLQ,290,520,Unf,1970.0,2414,TA,10800,0,4,5,954,1900,1970,160000
933,No,642,GLQ,273,493,Unf,1994.0,1908,Gd,8750,133,5,7,915,1994,1995,210000
1283,No,504,Rec,319,506,Unf,1980.0,1283,TA,7763,0,7,5,931,1962,1980,140000
1212,No,0,Unf,1212,573,RFn,2001.0,1212,Gd,9100,0,5,7,1212,2001,2001,178000
952,No,0,Unf,952,672,Unf,1978.0,1548,Ex,7264,0,7,7,952,1925,2007,205000
980,Av,400,Unf,100,384,Fin,1967.0,980,TA,9750,0,5,5,980,1967,1967,135500
1811,No,296,ALQ,230,470,Fin,1956.0,1811,Ex,14115,0,7,6,1073,1956,2004,230000
1056,No,1056,Rec,0,384,Unf,1966.0,1056,TA,8900,42,4,4,1056,1966,1966,107000
1234,Av,0,Unf,1234,484,RFn,2007.0,1234,Gd,11049,30,5,8,1234,2007,2007,179900
630,No,0,Unf,630,440,Unf,1970.0,1302,TA,2016,0,5,5,630,1970,1970,106000
1035,No,0,Unf,319,0,None,1979.0,1406,Fa,7920,144,7,6,319,1920,1950,89500
858,Av,685,GLQ,173,576,Unf,1983.0,858,TA,7252,0,5,5,858,1982,1982,134900
1182,No,998,Unf,177,736,Fin,2005.0,2324,Ex,11924,21,5,9,1175,2005,2006,345000
910,Av,0,Unf,105,414,Unf,1953.0,910,Gd,8892,0,7,5,105,1953,1996,116000
798,Gd,674,GLQ,0,442,RFn,1964.0,1611,TA,9760,128,6,6,780,1964,1964,167900
684,Av,0,Unf,684,400,Fin,2005.0,1560,Gd,11911,38,5,6,684,2005,2005,174000
2020,None,0,None,0,630,Unf,1977.0,2020,TA,8400,0,5,5,0,1977,1977,144000
1338,Mn,616,GLQ,722,582,Fin,2001.0,1338,Gd,4920,0,5,8,1338,2001,2001,213500
1188,No,593,Unf,595,312,Unf,1962.0,1188,TA,26142,39,7,5,1188,1962,1962,157900
1459,No,0,Unf,1459,527,RFn,2002.0,1459,Gd,8749,39,5,7,1459,2002,2002,192000
1306,Gd,1201,GLQ,105,533,Unf,1996.0,2260,Gd,14000,44,5,7,1306,1996,1997,328000
1430,No,0,Unf,1413,605,RFn,2001.0,1430,Gd,16285,33,5,7,1413,2001,2002,187100
996,No,290,BLQ,706,0,None,1979.0,996,TA,13907,0,6,5,996,1940,1969,108000
1092,No,787,Rec,305,504,RFn,1964.0,1092,TA,8250,0,7,6,1092,1964,1964,145000
625,No,0,Unf,625,625,Fin,2006.0,1250,Gd,4017,54,5,7,625,2006,2007,171900
864,No,0,Unf,864,572,RFn,2004.0,1728,Gd,9313,56,5,7,864,2004,2004,190000
924,No,0,Unf,924,280,Unf,1981.0,924,TA,7990,0,6,5,924,1975,1975,110000
1199,No,300,GLQ,899,530,RFn,1993.0,1199,Gd,7892,63,5,6,1199,1993,1993,153900
948,No,0,Unf,948,300,Unf,1968.0,948,TA,8978,0,5,5,948,1968,1968,108000
925,No,338,BLQ,121,429,Unf,1965.0,925,TA,9100,0,6,5,925,1965,1965,117500
835,No,108,ALQ,350,366,Unf,1920.0,835,TA,10625,0,5,5,458,1920,1950,83000
1580,No,0,Unf,1580,610,RFn,2004.0,2466,Gd,11143,214,5,8,1580,2004,2005,340000
1216,No,445,Rec,479,487,Unf,1966.0,2157,Gd,14200,66,6,7,924,1966,1966,226000
1060,No,840,GLQ,200,572,Unf,1976.0,1060,TA,4224,110,7,5,1040,1976,1976,129900
2633,Gd,1282,GLQ,1351,804,RFn,2001.0,2633,Ex,11400,140,5,10,2633,2001,2002,466500
1048,No,0,Unf,993,280,Unf,1922.0,1048,TA,6380,0,6,5,993,1922,1950,113000
953,No,0,Unf,953,460,RFn,2000.0,1664,TA,8121,40,5,6,953,2000,2000,172400
784,No,0,Unf,784,360,Unf,1950.0,784,TA,9000,0,3,6,784,1928,1950,76000
1279,No,641,ALQ,276,473,Unf,1980.0,1279,TA,10125,83,6,6,1196,1977,1977,171500
1229,No,1059,ALQ,75,284,RFn,1956.0,1229,TA,17140,0,6,4,1134,1956,1956,135000
1268,No,540,LwQ,728,244,Fin,1954.0,1268,TA,7800,98,6,5,1268,1954,1954,132000
1428,No,0,Unf,1428,480,Fin,2007.0,1428,Gd,11639,120,5,7,1428,2007,2008,182000
1125,Av,631,ALQ,410,352,Unf,1977.0,1125,TA,7200,0,6,6,1041,1976,1976,125000
1008,No,486,BLQ,522,275,Unf,1954.0,1008,TA,11425,0,6,5,1008,1954,1954,137000
1630,Gd,0,Unf,1622,860,RFn,2008.0,1630,Ex,10226,42,5,8,1622,2008,2008,295493
864,No,503,Rec,361,673,RFn,2003.0,1728,Gd,8791,56,5,6,864,2003,2003,207500
1211,No,250,BLQ,210,322,Unf,1968.0,1211,TA,8250,63,5,5,952,1968,1968,134000
1040,No,369,LwQ,671,286,RFn,1959.0,1040,TA,7560,0,5,5,1040,1959,1959,133700
1707,No,0,Unf,1686,511,RFn,1981.0,1707,TA,16669,64,6,8,1686,1981,1981,228000
955,No,0,Unf,935,462,Fin,1998.0,1632,TA,9084,28,5,7,935,1998,1998,176500
1392,No,1302,Unf,90,528,Unf,1957.0,1392,TA,11341,0,6,5,1392,1957,1996,121500
1319,No,428,BLQ,0,270,Unf,1953.0,1319,TA,10634,0,6,5,608,1953,1953,123000
742,No,0,Unf,742,390,Fin,2005.0,1484,Gd,12589,24,5,6,742,2005,2005,174000
971,Gd,523,Unf,448,300,Unf,1969.0,971,TA,9920,0,6,5,971,1969,1969,128500
1062,Av,539,ALQ,490,539,RFn,1976.0,1062,TA,11333,0,5,6,1029,1976,1976,146800
980,Gd,945,Unf,0,0,None,1979.0,980,TA,9400,0,5,6,945,1975,1975,127500
1405,No,0,Unf,1405,478,RFn,2003.0,1405,Gd,3136,36,5,7,1405,2003,2003,171750
959,No,786,GLQ,173,472,Fin,2000.0,1671,TA,10852,38,5,6,959,2000,2000,173000
1074,No,788,ALQ,268,495,RFn,1975.0,1074,TA,10140,88,6,5,1056,1975,1975,153500
1547,None,0,None,0,672,Unf,1979.0,2320,TA,14762,144,6,5,0,1948,1950,169000
918,No,0,Unf,918,264,Unf,1979.0,918,TA,7892,0,5,6,918,1979,1979,99500
1437,Gd,1157,ALQ,280,528,RFn,1976.0,1437,Gd,10768,21,8,5,1437,1976,2004,218000
1069,No,360,ALQ,709,440,RFn,1977.0,1069,TA,4043,55,5,6,1069,1977,1977,127500
829,No,298,Rec,429,441,Unf,1968.0,1556,TA,11700,0,6,6,727,1968,1968,154000
824,No,624,GLQ,193,510,Unf,2002.0,1894,Gd,11316,40,5,7,817,2002,2003,214900
1973,Av,0,Unf,1935,895,Fin,2006.0,1973,Gd,14226,45,5,8,1935,2006,2006,395000
1898,No,0,Unf,710,564,Fin,1961.0,2978,Gd,11275,0,7,7,710,1967,2007,242000
848,Av,662,GLQ,186,420,RFn,2004.0,848,Gd,4438,0,5,6,848,2004,2004,149000
804,No,0,Unf,384,400,Fin,1995.0,1474,TA,8530,72,5,7,384,1995,1996,168500
1056,No,480,BLQ,108,260,Unf,1954.0,1056,TA,9250,0,7,5,1056,1954,2005,139400
902,Av,301,BLQ,239,484,Unf,1983.0,902,TA,8885,0,5,5,864,1983,1983,131000
1032,Av,605,ALQ,427,564,Unf,1978.0,1032,TA,10395,0,6,6,1032,1978,1978,148000
1077,No,0,Unf,961,338,Unf,1920.0,1077,TA,8967,0,2,5,961,1920,1950,67000
1235,No,600,Rec,635,480,Unf,1961.0,1235,TA,8500,0,3,5,1235,1961,1961,98600
1442,Mn,738,GLQ,172,719,Fin,1990.0,1442,Gd,10357,244,5,7,910,1990,1991,179900
483,No,387,ALQ,96,264,Unf,1971.0,987,TA,1680,0,5,6,483,1971,1971,85400
1004,Gd,975,GLQ,0,504,Unf,1977.0,1004,TA,10530,0,5,6,975,1977,1977,135000
1006,No,288,GLQ,718,0,None,1979.0,1006,TA,9000,24,3,5,1006,1959,1959,80000
936,No,210,Unf,570,0,None,1979.0,1716,Fa,5687,184,6,5,780,1912,2000,135900
860,No,0,Unf,860,565,RFn,2004.0,1720,Gd,11645,70,5,7,860,2004,2004,196500
960,No,250,ALQ,710,308,Unf,1997.0,960,Fa,6000,0,4,4,960,1920,1950,108500
1604,No,1334,GLQ,270,660,RFn,2006.0,1604,Gd,8814,110,5,7,1604,2006,2006,220000
2217,Gd,351,ALQ,1043,621,Unf,1970.0,2217,Gd,15865,207,6,8,2217,1970,1970,268000
1844,Av,1110,Rec,734,540,RFn,1969.0,1844,Gd,16381,73,5,6,1844,1969,1969,223000
799,No,0,Unf,799,380,RFn,1993.0,1571,TA,7837,40,7,6,799,1993,1994,178000
1479,No,0,Unf,1468,577,RFn,1999.0,1479,Gd,9382,25,5,7,1468,1999,2000,191000
1619,Gd,1249,Unf,103,529,Fin,1965.0,1786,TA,164660,0,6,5,1499,1965,1965,228950
1632,No,620,Rec,0,338,RFn,1958.0,1632,TA,9600,0,6,6,1240,1958,1988,139000
866,Av,20,GLQ,846,578,RFn,2007.0,1768,Gd,10769,105,5,8,866,2007,2007,212000
1096,Mn,75,BLQ,230,299,Fin,1969.0,1096,TA,15870,32,5,5,1096,1969,1969,138800
1236,No,0,Unf,791,542,Fin,1986.0,2093,TA,20544,63,6,7,791,1986,1991,215000
660,No,512,BLQ,148,453,RFn,1966.0,1348,TA,7590,108,5,6,660,1966,1966,155000
728,Av,648,GLQ,80,410,Fin,2005.0,1456,Gd,8199,18,5,7,728,2005,2005,189000
1600,Gd,1277,BLQ,207,319,RFn,1957.0,1600,TA,16321,258,6,5,1484,1957,1997,207500
1700,Av,340,GLQ,1342,544,RFn,2003.0,1700,Gd,9135,23,5,6,1682,2003,2003,200000
808,No,0,Unf,808,389,RFn,1993.0,1593,TA,9636,40,5,6,808,1992,1993,178000
1363,No,650,BLQ,178,288,Unf,1951.0,1363,TA,14559,42,7,5,1008,1951,2000,164900
855,No,311,ALQ,544,440,Unf,1978.0,1441,TA,2289,0,6,6,855,1978,1978,148500
1710,Gd,1400,Unf,310,866,RFn,2007.0,1710,Gd,13891,102,5,8,1710,2007,2008,372402
1222,No,695,GLQ,253,463,RFn,1994.0,2110,Gd,8880,130,5,7,948,1994,2002,205000
725,No,533,GLQ,192,475,RFn,1976.0,1479,Gd,13517,44,8,6,725,1976,2005,130500
767,Av,584,GLQ,0,367,Fin,1998.0,767,TA,4058,40,5,7,723,1998,1998,133000
664,Av,554,GLQ,100,426,RFn,2006.0,1496,Gd,17104,24,5,7,654,2006,2006,179665
1567,Av,1154,GLQ,366,648,Fin,2006.0,1567,Ex,3982,0,5,8,1520,2006,2006,264561
1148,Mn,210,LwQ,219,308,Unf,1952.0,1148,TA,6420,0,7,5,980,1952,1952,123500
1120,Mn,0,Unf,1085,753,Fin,2006.0,1970,Ex,11065,74,5,8,1085,2006,2006,281000
1453,No,482,GLQ,971,750,RFn,1990.0,2810,Gd,9572,0,5,8,1453,1990,1990,302000
1470,No,986,GLQ,484,696,Unf,1998.0,2630,Gd,9200,66,5,8,1470,1998,1998,315000
1105,No,443,Rec,662,480,Unf,1960.0,2274,TA,11600,0,5,5,1105,1960,1960,154300
1261,No,662,ALQ,599,433,RFn,1958.0,1261,TA,9120,0,6,6,1261,1958,1958,163000
1486,No,637,BLQ,849,480,Fin,1968.0,1486,TA,9937,0,7,5,1486,1964,1999,167000
773,No,570,Unf,203,240,Unf,1953.0,773,TA,7677,0,5,5,773,1953,1953,110000
1537,No,0,Unf,1319,462,RFn,1962.0,1537,Gd,8400,36,9,6,1319,1962,2005,174000
866,Av,0,Unf,866,546,RFn,1998.0,1779,Gd,10400,36,5,7,866,1998,1998,197900
1225,No,569,ALQ,381,0,None,1979.0,1225,TA,9320,0,5,4,950,1959,1959,128950
848,Av,659,GLQ,189,420,Fin,2003.0,848,Gd,4435,0,5,6,848,2003,2003,131500
780,No,0,Unf,780,198,Unf,1937.0,1376,TA,8600,0,6,6,780,1937,1950,119500
742,No,381,GLQ,348,440,Unf,1999.0,1471,TA,3230,24,5,6,729,1999,1999,172500
869,No,0,Unf,440,0,None,1979.0,869,Fa,5900,0,7,4,440,1923,1958,85500
729,No,419,GLQ,310,440,Unf,1999.0,1458,TA,3230,32,5,6,729,1999,1999,176000
894,No,762,ALQ,102,440,Unf,1974.0,894,TA,13350,0,5,5,864,1974,1974,142500
885,No,0,Unf,832,427,Fin,1998.0,1718,TA,10141,94,5,7,832,1998,1998,185000
1701,Gd,1390,ALQ,0,611,Fin,1975.0,1701,TA,16647,0,5,5,1390,1975,1981,171000
864,No,600,BLQ,264,576,Unf,1980.0,864,TA,12735,0,5,4,864,1972,1972,111250
1094,No,0,Unf,528,512,RFn,1976.0,1855,TA,9600,100,7,6,528,1976,1994,187000
1651,No,1398,ALQ,0,616,Fin,1986.0,1651,TA,12416,0,5,6,1606,1986,1986,184000
612,Av,0,Unf,612,528,RFn,2009.0,1224,Gd,3951,234,5,6,612,2009,2009,164500
928,No,308,Rec,620,288,Fin,1957.0,928,TA,6000,0,6,5,928,1957,1957,112500
372,None,0,None,0,0,None,1979.0,1092,Fa,5600,0,5,4,0,1930,1950,55000
832,No,16,LwQ,712,546,Unf,1925.0,1641,Ex,9600,0,7,7,728,1925,1990,178000
708,No,404,ALQ,304,776,RFn,1968.0,1416,TA,11700,169,6,6,708,1968,1968,179900
1058,Av,546,GLQ,512,736,Fin,2003.0,1904,Ex,10927,60,5,8,1058,2005,2005,275000
936,No,248,BLQ,448,308,Fin,1956.0,936,TA,5868,0,7,5,936,1956,2000,129000
716,No,81,Unf,23,452,Fin,1980.0,1556,TA,1950,0,6,6,716,1980,1980,151000
864,No,120,LwQ,744,400,Unf,1951.0,864,TA,19138,0,5,4,864,1951,1951,141000
1654,No,986,GLQ,668,900,Unf,2002.0,1654,Gd,8125,136,5,7,1654,2002,2002,230000
1416,No,0,Unf,816,576,Unf,2007.0,1416,Gd,25339,0,7,5,816,1918,2007,112000
1268,Mn,1163,GLQ,89,856,Unf,1999.0,2365,Gd,9430,128,5,8,1252,1999,1999,337000
1067,No,442,BLQ,625,436,Unf,1996.0,1067,Gd,9600,0,7,4,1067,1950,1995,128000
1318,None,0,None,0,539,Unf,1978.0,1902,TA,8930,0,5,6,0,1978,1978,112000
1557,Gd,0,Unf,1374,420,Fin,2003.0,1557,Gd,3196,20,5,7,1374,2003,2004,234000
1195,No,0,Unf,1195,486,Fin,1998.0,1839,TA,16770,81,5,7,1195,1998,1998,221000
